Dname,Dstreet,Dcity,Dstate
A Purus LLP,4206,Versailles,NJ
A Felis Associates,1886,Wimmertingen,WA
A Odio Semper Corporation,4626,Heide,AL
A LLC,943,Balvano,NY
A Malesuada Incorporated,4309,Cottbus,AK
A Felis Associates,7971,Tredegar,AK
A Odio Semper Corporation,4494,Forchtenstein,TX
A Purus LLP,1927,Caen,TN
A Company,6646,Genzano di Lucania,TN
A LLC,123,Rewa,ME
Ac Libero LLP,5525,Parrano,WA
A Odio Semper Corporation,1726,Cittanova,AL
A Neque Nullam Inc.,4755,LaSalle,UT
A Odio Semper Corporation,1369,Norfolk,NJ
A Scelerisque Sed Ltd,9143,Bridgeport,OH
A Scelerisque Sed Ltd,6476,Luik,NM
A Scelerisque Sed Ltd,3433,Vidnoye,AL
A Arcu Sed Consulting,3477,Cuccaro Vetere,AK
A Arcu Sed Consulting,4450,Quarona,OH
A Scelerisque Sed Ltd,6428,Lochristi,OK
A Scelerisque Sed Ltd,154,Haguenau,AL
Ac Libero LLP,7043,Nakusp,IA
A Neque Nullam Inc.,9507,Victor Harbor,NY
A Felis Associates,571,Mogliano,TN
Ac Libero LLP,7830,Cañas,VT
A Odio Semper Corporation,2152,Saint-Mard,AZ
A Purus LLP,505,Pietrasanta,TN
A Purus LLP,7773,Roosbeek,UT
A Scelerisque Sed Ltd,4757,La Granja,OR
A Scelerisque Sed Ltd,7784,Kapolei,ME
A LLC,5468,Kilsyth,NM
A Arcu Sed Consulting,520,Minneapolis,WA
A Malesuada Incorporated,5038,Nashville,OR
A Neque Nullam Inc.,580,Southaven,NJ
A Felis Associates,5915,Kirov,AK
A Neque Nullam Inc.,8222,Oostkerk,IA
A Felis Associates,442,Moere,ME
A Purus LLP,9823,Lasnigo,AL
A LLC,1142,Oldenburg,WA
A Malesuada Incorporated,4160,Isnes,UT
A Felis Associates,2206,Bottidda,VT
A Malesuada Incorporated,4523,Bonnyville Municipal District,UT
A Company,3346,Wolfsberg,TN
A LLC,6160,Nurallao,OH
A Neque Nullam Inc.,2467,Rock Springs,UT
A Malesuada Incorporated,5950,Kielce,NJ
A Arcu Sed Consulting,4878,San Francisco,VT
A Scelerisque Sed Ltd,3116,Sheikhupura,LA
A Company,9929,Toba Tek Singh,ME
Ac Libero LLP,6932,Castelvecchio di Rocca Barbena,NM
A Felis Associates,5204,Marystown,NJ
A Purus LLP,2305,Coldstream,UT
A Felis Associates,8920,College,AK
A Neque Nullam Inc.,1833,Nancy,NY
A Company,134,Minyar,TX
A Malesuada Incorporated,8026,Perinaldo,AL
A Felis Associates,5062,Courbevoie,IA
A Malesuada Incorporated,309,Quintero,TN
A Felis Associates,4294,Chester,AK
A Odio Semper Corporation,4890,Hastings,OR
Ac Libero LLP,3673,Okara,NJ
A Malesuada Incorporated,2130,Jefferson City,OK
A Odio Semper Corporation,8404,Poitiers,AZ
Ac Libero LLP,3231,Bharuch,IA
A Felis Associates,4439,Yorkton,AL
A Arcu Sed Consulting,3287,Bangor,AL
A Company,7107,Williams Lake,WA
A Arcu Sed Consulting,5483,Richmond,VT
A Neque Nullam Inc.,7971,Pontarlier,IA
A Purus LLP,4963,West Vancouver,OH
Ac Libero LLP,4271,Incheon,UT
A Arcu Sed Consulting,3341,Stralsund,TX
A Company,953,Mesoraca,ME
A Odio Semper Corporation,5779,Querétaro,OR
A Malesuada Incorporated,2039,Bognor Regis,TX
A LLC,9495,Osasco,VT
A LLC,9502,Seosan,TN
A Company,7272,Samaniego,WA
A Odio Semper Corporation,7020,Beauport,TX
A Arcu Sed Consulting,5653,Brixton,IA
Ac Libero LLP,3917,Lerwick,VT
A Scelerisque Sed Ltd,2798,Lambayeque,UT
A Felis Associates,7403,San Cesario di Lecce,IA
A Purus LLP,2885,Gubbio,IA
A Malesuada Incorporated,835,Hertford,WA
A Felis Associates,4779,Neustrelitz,ME
A Purus LLP,812,Perinaldo,NM
A Odio Semper Corporation,3883,Penza,WA
A Company,1167,Loncoche,NM
A LLC,3331,Tywyn,OR
A Scelerisque Sed Ltd,5769,Olcenengo,NM
A Scelerisque Sed Ltd,3549,San Juan de Girón,TN
A LLC,8561,Pugwash,UT
A Scelerisque Sed Ltd,7481,Mosocw,OK
A Odio Semper Corporation,5040,Guilmi,WA
Ac Libero LLP,1104,Vilna,TX
Ac Libero LLP,1155,Gouvy,NM
A Malesuada Incorporated,1612,Villers-la-Loue,OR
A Odio Semper Corporation,6676,Wha Ti,TN
A Arcu Sed Consulting,6799,Tarnów,IA
A LLC,5094,Les Bons Villers,WA
A Purus LLP,4879,Toronto,AZ
A Felis Associates,5377,Terneuzen,OK
A Scelerisque Sed Ltd,6232,Chandrapur,OK
A Neque Nullam Inc.,4798,Zierikzee,AL
A Company,468,Montes Claros,TX
A Odio Semper Corporation,2430,Katowice,OR
A Felis Associates,1592,Fortune,WA
A Arcu Sed Consulting,9132,New Bombay,AZ
A Purus LLP,7691,Peñalolén,AK
A Felis Associates,6758,Luttre,NM
A LLC,6849,Agra,OK
A Neque Nullam Inc.,8728,Finkenstein am Faaker See,OH
A Purus LLP,4095,Norcia,TN
A LLC,5178,Lucknow,VT
A Malesuada Incorporated,6098,Santa Cesarea Terme,TN
A LLC,3444,Nijkerk,TN
A Arcu Sed Consulting,5828,Dongelberg,OK
A Company,8962,Rivire,NY
A Neque Nullam Inc.,4518,Gebze,TN
Ac Libero LLP,6565,Pont-Saint-Martin,OK
A Odio Semper Corporation,9782,Gebze,UT
A Purus LLP,8437,Torrejón de Ardoz,NY
A Malesuada Incorporated,9098,Albano di Lucania,ME
A Odio Semper Corporation,9123,Dolembreux,WA
A Purus LLP,4179,Hudson Bay,UT
A Felis Associates,8467,Cerchio,AK
A Arcu Sed Consulting,1106,Mapiripana,LA
A Purus LLP,517,Steendorp,TN
A Neque Nullam Inc.,7658,Murray Bridge,AK
A Malesuada Incorporated,437,Villenave-d'Ornon,VT
A Purus LLP,8980,Donstiennes,NJ
A Scelerisque Sed Ltd,1515,Guri,NJ
A Scelerisque Sed Ltd,8740,Lodelinsart,AZ
A Scelerisque Sed Ltd,7635,Tonk,UT
A LLC,4759,Thames,NM
Ac Libero LLP,5677,Curarrehue,OH
A Felis Associates,7950,Sudhanoti,AL
A Scelerisque Sed Ltd,8919,Burg,TN
A Purus LLP,5515,Orsara di Puglia,AK
A Purus LLP,4459,Anyang,VT
A Odio Semper Corporation,2739,Dehri,OH
A Malesuada Incorporated,1249,Toronto,OH
A Scelerisque Sed Ltd,9796,Termeno sulla strada del vino/Tramin an der Weinstrasse,AL
A Arcu Sed Consulting,5699,Dworp,AZ
A Scelerisque Sed Ltd,6812,Reading,IA
A Felis Associates,7866,Lens,OR
Ac Libero LLP,1141,Curacaví,OR
Ac Libero LLP,7833,Ludhiana,NJ
A Felis Associates,1101,San Giovanni Lipioni,UT
A Company,9803,Swabi,TN
A Felis Associates,4584,Bathgate,WA
A Purus LLP,1994,Saint Paul,AL
A Company,1132,Glendon,UT
A Malesuada Incorporated,3421,Kawawachikamach,WA
Ac Libero LLP,7071,Berbroek,NM
A Scelerisque Sed Ltd,7982,Mondolfo,TX
A Felis Associates,2420,Antártica,UT
A Neque Nullam Inc.,5353,Rosolini,UT
A Odio Semper Corporation,6688,Civitacampomarano,TX
A Felis Associates,897,Ch‰telineau,AL
A Malesuada Incorporated,2879,Lawton,VT
A Felis Associates,1376,Fréjus,TN
A Scelerisque Sed Ltd,2725,Ruisbroek,OK
A Malesuada Incorporated,357,Hawick,AZ
A Neque Nullam Inc.,608,Alexeyevka,WA
A Company,7797,Marchienne-au-Pont,VT
A Odio Semper Corporation,6242,Roxboro,ME
A Scelerisque Sed Ltd,7224,Gijzegem,VT
A Purus LLP,9456,Grumo Appula,ME
A Malesuada Incorporated,6832,Dessel,NY
A Arcu Sed Consulting,2989,Serrata,NM
Ac Libero LLP,5297,Baranello,OH
A Scelerisque Sed Ltd,7704,Aalbeke,NM
A Arcu Sed Consulting,1116,Naihati,LA
A Odio Semper Corporation,2693,Sakhalin,IA
Ac Libero LLP,2912,Aklavik,NM
A Purus LLP,9366,Beauport,TX
A Arcu Sed Consulting,8832,Milestone,TN
A Malesuada Incorporated,5356,St. Asaph,ME
A Scelerisque Sed Ltd,8538,Serskamp,VT
A Malesuada Incorporated,8901,Zutphen,NY
A LLC,3348,Francofonte,WA
A Malesuada Incorporated,4514,Pomarolo,OR
A LLC,7495,Oxford County,NM
A Odio Semper Corporation,1736,Burhanpur,ME
A Arcu Sed Consulting,7202,Kamarhati,ME
Ac Libero LLP,8007,Norman,TN
A LLC,844,Calarcá,NY
Ac Libero LLP,3334,Lens-Saint-Servais,AZ
Ac Libero LLP,418,Tilff,AZ
A Purus LLP,4102,Camrose,NM
A Arcu Sed Consulting,5937,Santo Stefano del Sole,AK
A Purus LLP,4535,Jefferson City,UT
A Purus LLP,1102,Pointe-au-Pic,WA
A Felis Associates,2835,Eckville,NM
A Purus LLP,3094,Gujranwala,NY
A Odio Semper Corporation,8376,Potenza,ME
A Odio Semper Corporation,2889,Sonnino,OR
A Odio Semper Corporation,883,Heule,AL
A Odio Semper Corporation,1041,Saint-Denis,AL
A Odio Semper Corporation,6940,Massa e Cozzile,NJ
Ac Libero LLP,9148,Paradise,NM
A Neque Nullam Inc.,5895,Santa Juana,IA
A Company,788,Valley East,WA
A Odio Semper Corporation,6715,Chelsea,OR
Ac Libero LLP,232,Porvenir,TN
A Company,5547,Arnhem,TN
A Odio Semper Corporation,7287,Langen,VT
A Company,9446,Kallo,OK
A Neque Nullam Inc.,3522,Bala,NM
A Arcu Sed Consulting,6728,Täby,AZ
Ac Libero LLP,2176,Armstrong,OK
A Malesuada Incorporated,7949,Gent,NY
A Felis Associates,4304,MŽlin,UT
A Arcu Sed Consulting,9098,Dereham,LA
A LLC,4125,Halifax,AZ
A Felis Associates,6161,Bekasi,AZ
A Malesuada Incorporated,9885,Maipú,TX
A Neque Nullam Inc.,6547,Windermere,NJ
A LLC,2281,Sogliano Cavour,OR
A Company,1297,Châtellerault,AK
A Neque Nullam Inc.,4270,Lanark County,NJ
A Felis Associates,4713,Essen,WA
A Felis Associates,440,San Zenone degli Ezzelini,ME
A LLC,9055,Rüsselsheim,NM
A Felis Associates,3609,Abbotsford,IA
A Neque Nullam Inc.,4621,Kidwelly,OH
A Scelerisque Sed Ltd,9274,Bristol,UT
A Neque Nullam Inc.,5230,Montauban,NM
A Odio Semper Corporation,3592,l'Ecluse,AK
A Arcu Sed Consulting,4433,Monmouth,OK
A LLC,4015,Montecarotto,OR
A Malesuada Incorporated,1368,Townsville,IA
A Arcu Sed Consulting,6445,Chishtian Mandi,AL
A Scelerisque Sed Ltd,9583,Charlottetown,LA
A Odio Semper Corporation,6778,Calgary,LA
A Company,9384,Ophain-Bois-Seigneur-Isaac,NY
A Company,3967,Bassano in Teverina,AZ
A Scelerisque Sed Ltd,1714,Mesoraca,AK
A Neque Nullam Inc.,7700,Anchorage,ME
A Neque Nullam Inc.,8374,Kisi,TX
A Malesuada Incorporated,3359,Warwick,AZ
A Malesuada Incorporated,3539,Murmansk,NJ
Ac Libero LLP,2503,Catacaos,VT
A Arcu Sed Consulting,2397,Blumenau,LA
A Purus LLP,4114,Sossano,IA
A Malesuada Incorporated,1501,Herfelingen,NY
A Neque Nullam Inc.,4701,Rajanpur,LA
A Arcu Sed Consulting,3818,Ingolstadt,OR
A Malesuada Incorporated,7692,San Ignacio,NY
A Felis Associates,6110,Imst,UT
A Odio Semper Corporation,4937,Pollein,UT
A Odio Semper Corporation,3141,Magangué,NM
A LLC,4110,Herne,NY
A Purus LLP,7789,Moerkerke,IA
A Arcu Sed Consulting,2236,Wandlitz,ME
A Company,5563,Isle-aux-Coudres,AZ
A Neque Nullam Inc.,6532,Genova,NJ
A LLC,9723,Ciudad Victoria,OR
A Felis Associates,4784,Ceuta,UT
A LLC,7919,Poulseur,AZ
A Scelerisque Sed Ltd,3475,Camrose,UT
A LLC,9975,Castri di Lecce,TN
A LLC,9433,Bouffioulx,AZ
A Company,3619,Neudörfl,ME
A Neque Nullam Inc.,5288,Amersfoort,VT
A Company,8553,St. Andrä,IA
A Odio Semper Corporation,8454,East Jakarta,TN
A Felis Associates,2717,McCallum,AL
A Company,613,Chancay,LA
A Arcu Sed Consulting,8801,Montebello,NM
A LLC,1357,Paignton,NJ
A Malesuada Incorporated,7828,LaSalle,OK
A Arcu Sed Consulting,545,Fatehpur,OH
A Arcu Sed Consulting,7301,Chandler,OR
A Scelerisque Sed Ltd,5082,Köthen,OK
A Arcu Sed Consulting,391,Bradford,AZ
A Felis Associates,5461,L'Hospitalet de Llobregat,AK
A Arcu Sed Consulting,4007,Donstiennes,TX
A Felis Associates,9171,Tiltil,OK
A LLC,9966,Tiegem,VT
A Arcu Sed Consulting,5264,Dawson Creek,NJ
A Arcu Sed Consulting,9317,Elgin,UT
A Purus LLP,2438,Hyères,TN
A Malesuada Incorporated,7381,Putre,OR
A Odio Semper Corporation,7917,Bhimavaram,OK
A LLC,4747,Eigenbrakel,OK
A Scelerisque Sed Ltd,2919,Habay-la-Vieille,AL
A Purus LLP,6103,Cirencester,IA
A LLC,3380,Mattersburg,OR
A Felis Associates,9852,Upper Hutt,NY
A Arcu Sed Consulting,8434,Aliano,ME
A Company,3743,SŽlange,WA
A Felis Associates,5112,Anghiari,NY
A Neque Nullam Inc.,1388,Terlago,ME
A Felis Associates,2398,Tapachula,AL
A Odio Semper Corporation,921,Ollagüe,AK
A LLC,4470,Calmar,OR
A LLC,8880,Vinci,AZ
A Odio Semper Corporation,8684,Gresham,WA
A Malesuada Incorporated,4043,Paulatuk,UT
A LLC,696,Eastbourne,UT
A LLC,587,Serralunga d'Alba,AZ
A Company,4583,Allentown,AZ
A Scelerisque Sed Ltd,8222,Dion-Valmont,AL
A Odio Semper Corporation,223,Wolfsberg,TN
A Scelerisque Sed Ltd,274,ThimŽon,AK
A Scelerisque Sed Ltd,7287,Campomarino,VT
A Malesuada Incorporated,5249,Lowell,OH
A Purus LLP,675,Aligarh,ME
A Odio Semper Corporation,2665,Lingen,UT
A Company,6459,Saint-Nicolas,TX
A Scelerisque Sed Ltd,5383,Wells,NM
Ac Libero LLP,199,Katowice,AK
A Purus LLP,4038,Lucknow,IA
A Scelerisque Sed Ltd,3741,Gressoney-Saint-Jean,IA
A Neque Nullam Inc.,3339,Baranello,IA
A LLC,6702,Hattiesburg,AL
A Felis Associates,639,Cap-Rouge,OH
A Company,5743,Kharagpur,OR
A Company,5274,Eisenhüttenstadt,NM
A Arcu Sed Consulting,9520,Castelvecchio di Rocca Barbena,NY
A Company,7342,Valleyview,OK
A Malesuada Incorporated,7244,Namur,TN
A Felis Associates,8402,Sijsele,UT
A Arcu Sed Consulting,9257,Cittanova,OR
A Company,2950,Lautaro,WA
A Scelerisque Sed Ltd,5599,Thorn,LA
A Scelerisque Sed Ltd,1354,Waitakere,AL
A Company,2990,Norderstedt,WA
A Felis Associates,6784,Erchie,LA
A Neque Nullam Inc.,4368,Kalisz,WA
A Malesuada Incorporated,7035,Lake Cowichan,OR
A Arcu Sed Consulting,1650,Truro,NJ
A Scelerisque Sed Ltd,9048,Plancenoit,AK
A Purus LLP,4134,Canmore,TN
A Scelerisque Sed Ltd,6403,Ilkeston,ME
A Felis Associates,9611,Bochum,NM
A Odio Semper Corporation,2548,Padre Hurtado,IA
A Malesuada Incorporated,3148,Bijapur,AZ
A Arcu Sed Consulting,7843,Colchane,ME
Ac Libero LLP,7092,Ahrensburg,TN
A Felis Associates,4783,Assebroek,NY
A Felis Associates,3533,La Dorada,VT
A Felis Associates,9539,San Vito al Tagliamento,LA
A LLC,2735,Caxias,NJ
A Purus LLP,783,Judenburg,NM
A Felis Associates,325,Kech,IA
A Company,8130,Pugwash,LA
Ac Libero LLP,9316,Langley,VT
A Neque Nullam Inc.,4978,Faizabad,NM
A LLC,729,Panipat,AL
A Malesuada Incorporated,4586,Vehari,WA
A Odio Semper Corporation,6120,Bareilly,AK
A Malesuada Incorporated,1587,Halanzy,AL
A Neque Nullam Inc.,6952,Venlo,AK
A Scelerisque Sed Ltd,1232,Marchihue,NY
A Scelerisque Sed Ltd,2722,Cheonan,AZ
A Arcu Sed Consulting,2978,San Mauro Cilento,NY
A Scelerisque Sed Ltd,9886,Quilaco,NJ
A Purus LLP,8529,Edremit,TX
A Felis Associates,200,Vielsalm,AK
A LLC,1136,Lossiemouth,TN
A Arcu Sed Consulting,6823,Plato,IA
A Company,9330,Bierges,IA
A Arcu Sed Consulting,2083,Palestrina,TN
A Company,8336,Villers-la-Tour,NM
A Arcu Sed Consulting,6152,Tain,WA
A Purus LLP,1521,Hartford,TX
A Arcu Sed Consulting,3439,Hexham,NJ
A Malesuada Incorporated,3448,Metairie,TN
A Odio Semper Corporation,6445,Limoges,TN
A Malesuada Incorporated,9684,Palma de Mallorca,AL
A LLC,7082,Portland,NJ
A LLC,9379,Ashbourne,OR
A Scelerisque Sed Ltd,2406,Las Vegas,OK
A LLC,4015,Almería,WA
A Scelerisque Sed Ltd,3834,Goulburn,OH
A Arcu Sed Consulting,8400,Fredericton,NY
A Felis Associates,5099,Wanganui,AZ
A Malesuada Incorporated,806,Kleinmachnow,NY
A LLC,223,Campbellton,NY
A Purus LLP,6725,Gisborne,ME
A Malesuada Incorporated,5539,Callander,OK
Ac Libero LLP,8537,Rachecourt,IA
A LLC,1766,Camrose,AZ
A LLC,1008,Mango,IA
A Neque Nullam Inc.,7461,Zutphen,VT
A Neque Nullam Inc.,3398,Guri,NM
A LLC,7392,Ovalle,TN
A Company,5385,Shebekino,NM
A Malesuada Incorporated,4595,Bournemouth,NY
A Company,4309,Dereham,NJ
A Company,4060,Thisnes,OK
A Neque Nullam Inc.,3826,Santa Rosa de Cabal,TX
A Scelerisque Sed Ltd,8218,Voitsberg,WA
A Purus LLP,3962,Kerkrade,OK
A Odio Semper Corporation,1613,Ellesmere Port,UT
A Purus LLP,8636,San Juan de Pasto,UT