gname,Rating,Pname
Idola,M,Ultricies LLC
Libby,E,Tincidunt Inc.
Myles,E,Tincidunt Inc.
Barrett,M,Dis Associates
Stacey,T,Mauris Morbi Non LLC
Maya,M,Tortor Industries
Elliott,T,Tortor Industries
Basil,M,Dis Associates
Pamela,E,Mauris Morbi Non LLC
Uma,E,Mauris Morbi Non LLC
Sylvia,E,Nulla Corporation
Cody,T,Arcu Foundation
Sebastian,E,Nulla Corporation
Ryan,M,Tincidunt Inc.
Ramona,T,Tincidunt Inc.
Whoopi,E,Nulla Corporation
Hannah,M,Ultricies LLC
Rigel,E,Nulla Corporation
Cameron,M,Mauris Morbi Non LLC
Xerxes,E,Arcu Foundation
Aidan,E,Tincidunt Inc.
Noble,T,Dis Associates
Belle,M,Mauris Morbi Non LLC
Molly,E,Arcu Foundation
Kenneth,M,Mauris Morbi Non LLC
Tatiana,T,Nulla Corporation
Audrey,M,Dis Associates
Ruby,E,Tincidunt Inc.
Neville,T,Tortor Industries
Elaine,E,Tincidunt Inc.
Sonia,M,Arcu Foundation
Helen,M,Dis Associates
Salvador,T,Ultricies LLC
Nomlanga,M,Ultricies LLC
Ciara,T,Ultricies LLC
Nina,E,Mauris Morbi Non LLC
Lucian,M,Mauris Morbi Non LLC
Elijah,M,Tortor Industries
Emerson,M,Ultricies LLC
Ebony,T,Ultricies LLC
Baker,M,Tortor Industries
Octavius,M,Nulla Corporation
Kaitlin,M,Tortor Industries
Jackson,T,Nulla Corporation
Carson,E,Tortor Industries
Kaitlin,E,Ultricies LLC
Keiko,M,Dis Associates
Hamilton,M,Arcu Foundation
Aimee,E,Mauris Morbi Non LLC
Reese,T,Arcu Foundation
Lars,M,Ultricies LLC
Cade,E,Arcu Foundation
Jonas,E,Tortor Industries
Stephanie,M,Dis Associates
Kyra,E,Arcu Foundation
Otto,M,Arcu Foundation
Deacon,E,Nulla Corporation
Jaden,E,Mauris Morbi Non LLC
Caleb,E,Tincidunt Inc.
Jenna,E,Tortor Industries
Ignatius,M,Dis Associates
Cecilia,M,Tincidunt Inc.
Melyssa,E,Ultricies LLC
Genevieve,E,Mauris Morbi Non LLC
Zelenia,T,Tortor Industries
Kasper,E,Tincidunt Inc.
Rudyard,M,Dis Associates
Alvin,M,Arcu Foundation
Jerome,E,Ultricies LLC
Lance,T,Arcu Foundation
Sebastian,T,Tortor Industries
Evelyn,T,Nulla Corporation
Geraldine,E,Nulla Corporation
Clio,E,Dis Associates
Lila,T,Mauris Morbi Non LLC
Wing,T,Mauris Morbi Non LLC
Nash,T,Dis Associates
Nissim,T,Dis Associates
Autumn,T,Mauris Morbi Non LLC
Ursula,M,Arcu Foundation
Troy,M,Tortor Industries
Merritt,T,Nulla Corporation
Hyacinth,E,Arcu Foundation
Xerxes,E,Arcu Foundation
Harding,T,Ultricies LLC
Lareina,T,Tortor Industries
Jelani,T,Ultricies LLC
Jacob,M,Arcu Foundation
Daryl,E,Dis Associates
Jana,T,Ultricies LLC
Halee,M,Tortor Industries
Xaviera,M,Dis Associates
Lisandra,T,Nulla Corporation
Whilemina,E,Tortor Industries
Nigel,E,Tincidunt Inc.
Jescie,E,Mauris Morbi Non LLC
Kelly,M,Arcu Foundation
Emi,E,Arcu Foundation
Daryl,E,Tortor Industries
Nina,E,Tincidunt Inc.
Dexter,E,Mauris Morbi Non LLC
Arden,M,Tincidunt Inc.
Madeline,E,Ultricies LLC
Erich,M,Tincidunt Inc.
Gareth,T,Nulla Corporation
Hayden,T,Dis Associates
Ruth,M,Arcu Foundation
Xerxes,M,Nulla Corporation
Leila,E,Dis Associates
Kareem,T,Ultricies LLC
Charissa,T,Arcu Foundation
Luke,T,Dis Associates
Quintessa,T,Tortor Industries
Amery,M,Arcu Foundation
Heather,T,Tincidunt Inc.
Violet,M,Arcu Foundation
Shafira,M,Tortor Industries
Howard,T,Arcu Foundation
Karyn,M,Tincidunt Inc.
Ashton,M,Nulla Corporation
Amity,T,Dis Associates
Samson,E,Nulla Corporation
Kameko,T,Mauris Morbi Non LLC
Chancellor,M,Ultricies LLC
Darryl,T,Arcu Foundation
Jillian,T,Nulla Corporation
Brennan,E,Nulla Corporation
Ryan,M,Tortor Industries
Nomlanga,M,Dis Associates
Benjamin,M,Tortor Industries
James,E,Mauris Morbi Non LLC
Cheryl,E,Nulla Corporation
Lillith,M,Tortor Industries
Hollee,T,Ultricies LLC
Burton,E,Tortor Industries
Zachery,E,Tincidunt Inc.
Penelope,M,Tortor Industries
Martha,T,Tincidunt Inc.
Kevin,M,Nulla Corporation
Brielle,M,Tortor Industries
Jared,T,Arcu Foundation
Sandra,E,Tortor Industries
Brennan,T,Mauris Morbi Non LLC
Ciara,M,Dis Associates
Michelle,M,Tortor Industries
Travis,E,Tortor Industries
Grady,M,Tincidunt Inc.
Veronica,M,Mauris Morbi Non LLC
Gwendolyn,M,Tincidunt Inc.
Nolan,M,Ultricies LLC
Silas,E,Mauris Morbi Non LLC
Jada,T,Nulla Corporation
Chadwick,E,Dis Associates
Reagan,M,Arcu Foundation
Simon,M,Nulla Corporation
Lacy,M,Ultricies LLC
Ryan,E,Ultricies LLC
Byron,T,Arcu Foundation
Mannix,M,Arcu Foundation
Dexter,T,Ultricies LLC
Daniel,M,Dis Associates
Raymond,M,Ultricies LLC
Hope,M,Tortor Industries
Kareem,T,Ultricies LLC
Britanney,T,Dis Associates
Jeanette,E,Tincidunt Inc.
Quintessa,E,Arcu Foundation
Hannah,E,Tincidunt Inc.
Baker,E,Dis Associates
Pascale,M,Dis Associates
Ella,M,Dis Associates
Sheila,T,Nulla Corporation
Clarke,T,Mauris Morbi Non LLC
Joan,M,Ultricies LLC
Inga,T,Tincidunt Inc.
Kaden,T,Tincidunt Inc.
Trevor,E,Dis Associates
Jared,T,Ultricies LLC
Echo,E,Ultricies LLC
Cole,E,Dis Associates
Vera,T,Mauris Morbi Non LLC
Brock,E,Ultricies LLC
India,E,Arcu Foundation
Sheila,M,Nulla Corporation
Violet,T,Ultricies LLC
Amal,E,Tincidunt Inc.
Shea,M,Nulla Corporation
Sigourney,E,Ultricies LLC
Whoopi,T,Ultricies LLC
September,E,Nulla Corporation
Lois,M,Arcu Foundation
Jaime,T,Nulla Corporation
Evangeline,M,Nulla Corporation
Joseph,E,Tortor Industries
Kendall,E,Nulla Corporation
Lane,M,Tincidunt Inc.
Oscar,M,Dis Associates
Dale,E,Tincidunt Inc.
Jemima,T,Tortor Industries
Cody,M,Tortor Industries
Lee,T,Mauris Morbi Non LLC
Brianna,M,Ultricies LLC
Knox,M,Dis Associates
Malachi,E,Nulla Corporation
Sigourney,E,Arcu Foundation
Emery,M,Tortor Industries
Lewis,T,Mauris Morbi Non LLC
Xenos,M,Arcu Foundation
Joel,T,Tincidunt Inc.
Oscar,T,Tortor Industries
Michelle,M,Tortor Industries
Melinda,E,Mauris Morbi Non LLC
Jorden,M,Nulla Corporation
Nyssa,E,Ultricies LLC
Lyle,M,Tincidunt Inc.
Ralph,T,Dis Associates
Selma,T,Tortor Industries
Paula,E,Dis Associates
Grant,M,Nulla Corporation
Asher,E,Nulla Corporation
Keiko,M,Dis Associates
Macy,E,Tortor Industries
Sheila,M,Arcu Foundation
Thomas,T,Nulla Corporation
Susan,M,Tincidunt Inc.
Amir,T,Dis Associates
Hall,E,Tortor Industries
Silas,T,Arcu Foundation
Grady,E,Mauris Morbi Non LLC
Otto,E,Dis Associates
Beverly,T,Mauris Morbi Non LLC
Lamar,T,Tortor Industries
Reese,T,Arcu Foundation
Aileen,T,Dis Associates
Dakota,T,Dis Associates
Harriet,E,Dis Associates
Indira,M,Arcu Foundation
Skyler,E,Ultricies LLC
Otto,M,Tincidunt Inc.
Ebony,T,Tortor Industries
Shaine,E,Dis Associates
Eleanor,M,Mauris Morbi Non LLC
Omar,M,Nulla Corporation
Amity,E,Nulla Corporation
Gretchen,M,Dis Associates
Flynn,E,Tincidunt Inc.
Kevin,M,Dis Associates
Nigel,M,Arcu Foundation
Shellie,M,Dis Associates
Fletcher,T,Mauris Morbi Non LLC
Lillian,M,Nulla Corporation
Dale,M,Dis Associates
Lane,M,Mauris Morbi Non LLC
Reed,T,Mauris Morbi Non LLC
Blossom,T,Tortor Industries
Chava,E,Dis Associates
Ignatius,E,Arcu Foundation
Ali,M,Arcu Foundation
Audra,M,Tortor Industries
Hedwig,T,Ultricies LLC
Raya,M,Tincidunt Inc.
Quyn,E,Tortor Industries
Janna,E,Tortor Industries
Cade,M,Nulla Corporation
MacKensie,T,Dis Associates
Myra,E,Nulla Corporation
Leroy,E,Mauris Morbi Non LLC
Amaya,T,Tortor Industries
Quinn,E,Arcu Foundation
Wyoming,M,Ultricies LLC
Nyssa,E,Ultricies LLC
Elizabeth,E,Mauris Morbi Non LLC
Valentine,T,Nulla Corporation
Harding,T,Tortor Industries
Xanthus,T,Tincidunt Inc.
Simon,E,Nulla Corporation
Brielle,E,Dis Associates
Buckminster,E,Nulla Corporation
Channing,T,Dis Associates
Candice,M,Tincidunt Inc.
Yeo,T,Tincidunt Inc.
Lavinia,E,Nulla Corporation
MacKenzie,M,Tincidunt Inc.
Ora,M,Tortor Industries
Simon,T,Nulla Corporation
Zena,M,Nulla Corporation
Maggie,T,Tortor Industries
Akeem,T,Dis Associates
Libby,E,Arcu Foundation
Merritt,E,Ultricies LLC
Shelley,T,Tortor Industries
Cody,M,Ultricies LLC
Piper,E,Ultricies LLC
Selma,E,Arcu Foundation
Colby,T,Tincidunt Inc.
Jonas,T,Dis Associates
Amethyst,E,Nulla Corporation
Abraham,M,Ultricies LLC
Moses,E,Tincidunt Inc.
Cleo,T,Ultricies LLC
Shaeleigh,T,Mauris Morbi Non LLC
Lacota,M,Tincidunt Inc.
Ferdinand,M,Arcu Foundation
Sierra,E,Mauris Morbi Non LLC
Warren,E,Tincidunt Inc.
Brody,M,Tortor Industries
Cadman,T,Tortor Industries
Yoshio,E,Dis Associates
Whoopi,T,Nulla Corporation
Ruby,T,Arcu Foundation
Amir,M,Tincidunt Inc.
Driscoll,M,Mauris Morbi Non LLC
Ulric,T,Tortor Industries
Karleigh,E,Dis Associates
Cameran,T,Tortor Industries
Odette,T,Arcu Foundation
Stella,M,Arcu Foundation
Sonia,E,Arcu Foundation
Tad,M,Nulla Corporation
Colin,E,Tincidunt Inc.
Bert,M,Mauris Morbi Non LLC
Carlos,E,Tincidunt Inc.
Ariel,E,Ultricies LLC
Camille,M,Nulla Corporation
Danielle,M,Arcu Foundation
Sage,M,Tortor Industries
Ursula,E,Tincidunt Inc.
Zahir,E,Mauris Morbi Non LLC
Kadeem,E,Nulla Corporation
Steven,T,Tortor Industries
Declan,T,Arcu Foundation
Stephen,E,Dis Associates
Bethany,M,Ultricies LLC
Melvin,M,Ultricies LLC
Noble,T,Mauris Morbi Non LLC
Gil,E,Nulla Corporation
Carly,E,Ultricies LLC
Kiayada,M,Tortor Industries
Lisandra,E,Nulla Corporation
Cade,M,Ultricies LLC
Jordan,M,Tincidunt Inc.
Matthew,T,Ultricies LLC
Jamal,T,Tortor Industries
Chiquita,T,Tincidunt Inc.
Hollee,E,Dis Associates
Quemby,E,Dis Associates
Lydia,T,Dis Associates
Colorado,M,Tortor Industries
Mallory,T,Nulla Corporation
Kaitlin,M,Nulla Corporation
Amelia,T,Tortor Industries
Serena,M,Mauris Morbi Non LLC
Davis,E,Tincidunt Inc.
Ainsley,T,Mauris Morbi Non LLC
Mason,T,Tortor Industries
Cheryl,E,Ultricies LLC
Thaddeus,M,Tincidunt Inc.
Lael,E,Tincidunt Inc.
Iona,T,Tincidunt Inc.
Kessie,M,Dis Associates
Paul,E,Ultricies LLC
Whilemina,T,Nulla Corporation
Sheila,T,Dis Associates
Aiko,T,Arcu Foundation
Orli,T,Ultricies LLC
Xyla,M,Arcu Foundation
Jada,M,Dis Associates
Aiko,M,Mauris Morbi Non LLC
Dale,T,Arcu Foundation
Nyssa,T,Tortor Industries
Norman,T,Tincidunt Inc.
Mariam,M,Ultricies LLC
Timothy,M,Tortor Industries
Althea,E,Mauris Morbi Non LLC
Shelley,M,Mauris Morbi Non LLC
Quinn,T,Arcu Foundation
Garrison,E,Dis Associates
Magee,M,Arcu Foundation
Colleen,M,Mauris Morbi Non LLC
Felicia,T,Nulla Corporation
Kellie,T,Nulla Corporation
Idona,E,Nulla Corporation
Beatrice,M,Tincidunt Inc.
Sigourney,E,Tortor Industries
Whitney,M,Arcu Foundation
Xyla,E,Tincidunt Inc.
Bradley,T,Mauris Morbi Non LLC
Kylee,E,Arcu Foundation
Ahmed,T,Tortor Industries
Raymond,E,Dis Associates
Callie,E,Mauris Morbi Non LLC
Keith,T,Dis Associates
Riley,M,Arcu Foundation
Marshall,M,Tortor Industries
Moana,E,Tincidunt Inc.
Jarrod,M,Tincidunt Inc.
Quinn,T,Tortor Industries
Michael,M,Mauris Morbi Non LLC
Lacey,E,Ultricies LLC
Lenore,M,Ultricies LLC
Macon,M,Tincidunt Inc.
Camden,T,Mauris Morbi Non LLC
Cameron,M,Nulla Corporation
Lev,T,Arcu Foundation
Ryder,M,Tortor Industries
Piper,M,Tincidunt Inc.
Zephr,M,Ultricies LLC
Todd,M,Tincidunt Inc.
Scarlett,E,Tortor Industries
Cole,E,Tortor Industries
Holmes,T,Tincidunt Inc.
Pearl,M,Ultricies LLC
Serena,M,Mauris Morbi Non LLC
Libby,M,Tincidunt Inc.
Gemma,M,Arcu Foundation
Nathaniel,T,Tortor Industries
Barry,T,Mauris Morbi Non LLC
Erasmus,T,Arcu Foundation
Quon,T,Arcu Foundation
Clinton,M,Mauris Morbi Non LLC
Ethan,E,Ultricies LLC
Jenette,E,Ultricies LLC
Carissa,E,Arcu Foundation
Mufutau,M,Mauris Morbi Non LLC
Nola,M,Arcu Foundation
Jonas,T,Mauris Morbi Non LLC
Cherokee,T,Dis Associates
Thane,E,Tortor Industries
Dennis,T,Nulla Corporation
Bianca,E,Tortor Industries
Latifah,E,Dis Associates
Jamalia,E,Tortor Industries
Kristen,E,Arcu Foundation
Guy,M,Nulla Corporation
Morgan,T,Ultricies LLC
Serena,M,Ultricies LLC
Macaulay,T,Mauris Morbi Non LLC
Dara,T,Tortor Industries
Brent,M,Arcu Foundation
Gareth,T,Nulla Corporation
Blake,T,Tincidunt Inc.
Owen,T,Arcu Foundation
Quinlan,T,Ultricies LLC
Shellie,E,Mauris Morbi Non LLC
Quinlan,M,Arcu Foundation
Eaton,T,Arcu Foundation
Dolan,T,Nulla Corporation
Naida,M,Mauris Morbi Non LLC
Colton,M,Tincidunt Inc.
Jocelyn,T,Tincidunt Inc.
Castor,T,Tincidunt Inc.
Leroy,T,Nulla Corporation
Burke,E,Mauris Morbi Non LLC
Angela,E,Nulla Corporation
Jescie,M,Mauris Morbi Non LLC
Jessamine,T,Ultricies LLC
Edan,M,Nulla Corporation
Alice,T,Arcu Foundation
Dolan,M,Dis Associates
Kennedy,E,Dis Associates
Ina,E,Mauris Morbi Non LLC
Maxwell,M,Nulla Corporation
Graiden,T,Arcu Foundation
Leila,T,Dis Associates
Walter,E,Ultricies LLC
Ryder,M,Arcu Foundation
Hadley,T,Mauris Morbi Non LLC
Breanna,M,Dis Associates
Travis,T,Arcu Foundation
Nina,T,Tortor Industries
Jenette,E,Tincidunt Inc.
Kylynn,T,Nulla Corporation
Paloma,T,Tortor Industries
Hyatt,T,Nulla Corporation
Christen,M,Ultricies LLC
Andrew,M,Nulla Corporation
Heather,M,Ultricies LLC
Jerry,E,Tincidunt Inc.
Xander,M,Ultricies LLC
Quyn,M,Ultricies LLC
Benjamin,M,Tortor Industries
Indira,M,Ultricies LLC
Ulysses,M,Nulla Corporation
Rylee,T,Dis Associates
Quynn,E,Ultricies LLC
Sybill,T,Arcu Foundation
Caesar,M,Nulla Corporation
Stacey,E,Mauris Morbi Non LLC
Cheryl,T,Ultricies LLC
Shea,M,Mauris Morbi Non LLC
Nerea,E,Mauris Morbi Non LLC
Avye,E,Ultricies LLC
Naomi,T,Ultricies LLC
Brenna,T,Tortor Industries
Nina,M,Nulla Corporation
Roary,E,Ultricies LLC
Nissim,E,Mauris Morbi Non LLC
Melvin,M,Dis Associates
Keely,E,Ultricies LLC
Armand,E,Ultricies LLC
Avram,M,Tortor Industries
Justine,M,Ultricies LLC
Doris,M,Mauris Morbi Non LLC
Ethan,E,Dis Associates
Mary,E,Mauris Morbi Non LLC
Rama,E,Arcu Foundation
Clayton,M,Mauris Morbi Non LLC
Francis,E,Ultricies LLC
Jeremy,T,Dis Associates
Joy,M,Ultricies LLC
Tad,M,Dis Associates
Taylor,E,Tincidunt Inc.
Yoshio,T,Nulla Corporation
Bryar,T,Ultricies LLC
Raja,M,Arcu Foundation
John,M,Ultricies LLC
Myles,T,Tincidunt Inc.
Macaulay,E,Tincidunt Inc.
Sasha,M,Mauris Morbi Non LLC
Nell,M,Tortor Industries
Kaitlin,T,Tortor Industries
Jerry,T,Tincidunt Inc.
Eliana,M,Arcu Foundation
Clare,E,Dis Associates
Myles,E,Tortor Industries
Tanek,T,Ultricies LLC
Judith,T,Arcu Foundation
Amity,E,Tortor Industries
Nash,T,Mauris Morbi Non LLC
Marcia,E,Mauris Morbi Non LLC
Levi,E,Nulla Corporation
George,E,Mauris Morbi Non LLC
Merritt,T,Tincidunt Inc.
Cooper,M,Arcu Foundation
Chantale,T,Nulla Corporation
Christian,T,Tortor Industries
Keely,T,Dis Associates
Kay,E,Mauris Morbi Non LLC
MacKenzie,T,Mauris Morbi Non LLC
Maite,E,Tortor Industries
Melanie,E,Ultricies LLC
Quincy,M,Tortor Industries
Ruth,E,Tortor Industries
Dominic,E,Arcu Foundation
Hayfa,T,Tincidunt Inc.
Rudyard,T,Arcu Foundation
Evan,T,Mauris Morbi Non LLC
Sylvia,M,Ultricies LLC
Dennis,M,Dis Associates
Boris,T,Mauris Morbi Non LLC
Vera,M,Nulla Corporation
Kelsie,E,Arcu Foundation
Amethyst,T,Mauris Morbi Non LLC
Ciara,E,Nulla Corporation
Ross,T,Dis Associates
Marcia,T,Tincidunt Inc.
Alec,E,Tortor Industries
Armand,T,Dis Associates
Serina,M,Mauris Morbi Non LLC
Hamish,T,Nulla Corporation
Fay,E,Ultricies LLC
Gil,M,Tincidunt Inc.
Eugenia,M,Tincidunt Inc.
Jerome,E,Ultricies LLC
Benedict,T,Tincidunt Inc.
Peter,E,Nulla Corporation
Bruce,E,Mauris Morbi Non LLC
Jerome,T,Dis Associates
David,T,Tincidunt Inc.
Kirsten,M,Tincidunt Inc.
Vernon,E,Ultricies LLC
Mufutau,M,Ultricies LLC
Keegan,T,Nulla Corporation
Paloma,E,Arcu Foundation
Quamar,E,Ultricies LLC
Pearl,M,Mauris Morbi Non LLC
Lionel,T,Tincidunt Inc.
Gage,E,Tincidunt Inc.
Josiah,M,Mauris Morbi Non LLC
Dahlia,M,Tincidunt Inc.
Quinn,M,Tincidunt Inc.
Derek,M,Arcu Foundation
Rachel,T,Mauris Morbi Non LLC
Jermaine,E,Dis Associates
Maryam,M,Tincidunt Inc.
Mufutau,M,Dis Associates
Gloria,M,Tortor Industries
Galena,E,Dis Associates
Alfreda,T,Tincidunt Inc.
Stone,M,Dis Associates
Shad,E,Ultricies LLC
Ali,E,Arcu Foundation
Forrest,E,Dis Associates
Yasir,T,Tincidunt Inc.
Dante,T,Tincidunt Inc.
Xenos,M,Dis Associates
Cyrus,M,Dis Associates
Blaine,T,Mauris Morbi Non LLC
Pearl,M,Mauris Morbi Non LLC
Merrill,T,Tortor Industries
Lynn,M,Dis Associates
Adara,M,Arcu Foundation
Yardley,M,Tortor Industries
Dante,E,Dis Associates
Amir,E,Tortor Industries
Kylee,T,Mauris Morbi Non LLC
Nerea,T,Arcu Foundation
Leila,T,Tortor Industries
Ross,E,Nulla Corporation
Carl,E,Mauris Morbi Non LLC
Hanna,T,Arcu Foundation
Harlan,M,Nulla Corporation
Paki,T,Dis Associates
Carlos,M,Nulla Corporation
Kimberly,T,Tincidunt Inc.
Lenore,E,Ultricies LLC
Dolan,E,Nulla Corporation
Brett,T,Nulla Corporation
Jared,T,Tincidunt Inc.
Lavinia,E,Mauris Morbi Non LLC
Brett,T,Mauris Morbi Non LLC
Clayton,E,Tincidunt Inc.
Xavier,M,Arcu Foundation
Hilda,T,Dis Associates
Brendan,E,Nulla Corporation
Wade,E,Tincidunt Inc.
Damian,M,Arcu Foundation
Nasim,T,Arcu Foundation
Damian,M,Dis Associates
Amanda,M,Ultricies LLC
Eaton,T,Tincidunt Inc.
Declan,T,Tortor Industries
Lucian,T,Arcu Foundation
Wade,T,Tortor Industries
Kenyon,E,Mauris Morbi Non LLC
Mariko,M,Dis Associates
Lacota,T,Tincidunt Inc.
Jakeem,M,Tincidunt Inc.
Suki,M,Tincidunt Inc.
Lysandra,T,Nulla Corporation
Debra,E,Arcu Foundation
Colt,T,Tortor Industries
Scott,M,Dis Associates
Reed,T,Arcu Foundation
Noah,M,Ultricies LLC
Kennedy,M,Tortor Industries
Raphael,M,Nulla Corporation
Cassidy,M,Dis Associates
Tiger,M,Tortor Industries
Lareina,M,Nulla Corporation
Demetrius,E,Nulla Corporation
Lester,E,Dis Associates
Beverly,E,Tortor Industries
Chava,E,Nulla Corporation
Chadwick,T,Nulla Corporation
Melyssa,E,Tortor Industries
Clarke,M,Arcu Foundation
Ashely,T,Nulla Corporation
Porter,E,Ultricies LLC
Quynn,M,Dis Associates
Plato,E,Dis Associates
Lars,T,Ultricies LLC
Raymond,M,Arcu Foundation
Aaron,E,Dis Associates
Fallon,T,Nulla Corporation
Kristen,M,Nulla Corporation
Madonna,E,Tortor Industries
Octavius,T,Arcu Foundation
Autumn,M,Ultricies LLC
Ila,E,Ultricies LLC
Ciara,M,Tortor Industries
Cheyenne,M,Tortor Industries
Kaitlin,T,Arcu Foundation
Signe,T,Nulla Corporation
Chaim,T,Nulla Corporation
Xander,T,Arcu Foundation
Mollie,T,Tincidunt Inc.
Dane,T,Mauris Morbi Non LLC
April,M,Ultricies LLC
Paul,M,Tincidunt Inc.
Pamela,E,Tortor Industries
Quentin,M,Nulla Corporation
Ivan,M,Tortor Industries
Nissim,E,Ultricies LLC
William,E,Nulla Corporation
Raphael,M,Dis Associates
Farrah,M,Ultricies LLC
Arsenio,T,Tincidunt Inc.
Lee,M,Arcu Foundation
Chase,T,Tincidunt Inc.
Holly,M,Ultricies LLC
Shafira,E,Tincidunt Inc.
Ciaran,E,Arcu Foundation
Rhiannon,E,Mauris Morbi Non LLC
Jessica,T,Tincidunt Inc.
Velma,T,Arcu Foundation
Vance,T,Tortor Industries
Hayfa,E,Nulla Corporation
Florence,T,Nulla Corporation
Jeremy,E,Nulla Corporation
Susan,M,Tortor Industries
Kathleen,E,Arcu Foundation
Herman,M,Arcu Foundation
Aubrey,T,Ultricies LLC
Idola,T,Tincidunt Inc.
Jamalia,E,Arcu Foundation
Jamal,T,Ultricies LLC
Caesar,T,Mauris Morbi Non LLC
Hiram,M,Arcu Foundation
Vivien,T,Mauris Morbi Non LLC
Keane,T,Ultricies LLC
Lillith,M,Tortor Industries
Price,E,Dis Associates
Kadeem,E,Arcu Foundation
Guinevere,T,Tincidunt Inc.
Denton,T,Mauris Morbi Non LLC
Summer,T,Mauris Morbi Non LLC
Joelle,M,Nulla Corporation
Xavier,M,Tincidunt Inc.
Vanna,E,Tortor Industries
Ora,E,Arcu Foundation
Xander,E,Tincidunt Inc.
Galvin,M,Tincidunt Inc.
Inga,T,Tincidunt Inc.
Jescie,T,Ultricies LLC
Kellie,M,Ultricies LLC
Nelle,M,Nulla Corporation
Chadwick,T,Nulla Corporation
Amela,E,Dis Associates
Igor,T,Tortor Industries
Indigo,E,Tortor Industries
Quentin,M,Nulla Corporation
Bryar,M,Tortor Industries
Mechelle,E,Arcu Foundation
Karyn,E,Dis Associates
Noel,T,Mauris Morbi Non LLC
Shellie,M,Tortor Industries
Isabella,T,Tincidunt Inc.
Barbara,T,Nulla Corporation
Alden,M,Ultricies LLC
Camilla,T,Ultricies LLC
Ima,T,Dis Associates
Rhonda,M,Nulla Corporation
Molly,T,Tortor Industries
Marah,M,Tortor Industries
McKenzie,M,Arcu Foundation
Xenos,E,Tortor Industries
Brynn,T,Arcu Foundation
Wyatt,E,Ultricies LLC
Neve,E,Mauris Morbi Non LLC
Adara,T,Tincidunt Inc.
Britanni,T,Mauris Morbi Non LLC
Justin,E,Mauris Morbi Non LLC
Mark,E,Arcu Foundation
Germaine,E,Ultricies LLC
Brock,T,Tincidunt Inc.
Chandler,M,Tincidunt Inc.
Anika,E,Tortor Industries
Macaulay,T,Arcu Foundation
Larissa,T,Ultricies LLC
MacKensie,E,Mauris Morbi Non LLC
Noel,T,Ultricies LLC
Benedict,M,Mauris Morbi Non LLC
Plato,M,Ultricies LLC
Mary,T,Tincidunt Inc.
Xena,T,Mauris Morbi Non LLC
Jeremy,M,Mauris Morbi Non LLC
Riley,E,Arcu Foundation
Moses,M,Nulla Corporation
Hilda,M,Nulla Corporation
Damon,M,Mauris Morbi Non LLC
Gillian,E,Arcu Foundation
Nehru,E,Tincidunt Inc.
Daria,M,Nulla Corporation
Maxwell,E,Tortor Industries
Shafira,T,Mauris Morbi Non LLC
Elvis,E,Dis Associates
Christian,T,Arcu Foundation
Felix,T,Nulla Corporation
Quincy,T,Nulla Corporation
Brielle,E,Tincidunt Inc.
Aiko,M,Ultricies LLC
Berk,M,Tincidunt Inc.
Erasmus,T,Mauris Morbi Non LLC
Sean,E,Ultricies LLC
Carson,M,Arcu Foundation
Candice,E,Tortor Industries
Rhoda,E,Mauris Morbi Non LLC
Zachary,M,Nulla Corporation
Denton,M,Tincidunt Inc.
Indira,E,Nulla Corporation
Beck,T,Tincidunt Inc.
Jin,T,Nulla Corporation
Berk,T,Tortor Industries
Boris,E,Nulla Corporation
Cheryl,M,Tincidunt Inc.
Mark,T,Tortor Industries
Shannon,T,Mauris Morbi Non LLC
Nolan,T,Tortor Industries
Stephen,T,Dis Associates
Connor,T,Tortor Industries
Elton,M,Mauris Morbi Non LLC
Price,E,Tincidunt Inc.
Carl,M,Tincidunt Inc.
Adrian,E,Mauris Morbi Non LLC
Kathleen,M,Tortor Industries
Cruz,T,Tortor Industries
Jaden,M,Ultricies LLC
Lynn,E,Arcu Foundation
Jared,M,Nulla Corporation
Christian,M,Tincidunt Inc.
Cynthia,T,Tincidunt Inc.
Ivor,E,Arcu Foundation
Garrett,M,Nulla Corporation
Phoebe,E,Dis Associates
Mason,T,Nulla Corporation
Chloe,M,Tortor Industries
Rashad,T,Dis Associates
Jamalia,T,Ultricies LLC
Ivor,E,Dis Associates
Connor,M,Mauris Morbi Non LLC
Carly,M,Arcu Foundation
Cameran,T,Tortor Industries
Lewis,E,Nulla Corporation
Mariam,T,Nulla Corporation
Henry,E,Tortor Industries
Jael,T,Ultricies LLC
Danielle,M,Nulla Corporation
Ella,M,Dis Associates
Oren,M,Nulla Corporation
Fay,M,Nulla Corporation
McKenzie,E,Nulla Corporation
Lenore,M,Tortor Industries
Hashim,E,Ultricies LLC
Clark,T,Arcu Foundation
Cameron,E,Dis Associates
Merritt,E,Tortor Industries
Christine,M,Mauris Morbi Non LLC
Cora,M,Tincidunt Inc.
Burton,T,Ultricies LLC
Giselle,E,Tortor Industries
Barrett,T,Tincidunt Inc.
Wang,M,Tortor Industries
Hector,M,Tortor Industries
Keane,T,Mauris Morbi Non LLC
Marsden,T,Nulla Corporation
Omar,E,Dis Associates
Haviva,E,Dis Associates
Ronan,E,Tincidunt Inc.
Colby,E,Nulla Corporation
Denton,M,Mauris Morbi Non LLC
Chancellor,T,Tortor Industries
Rudyard,M,Mauris Morbi Non LLC
Kitra,E,Nulla Corporation
Linda,M,Tortor Industries
Remedios,M,Ultricies LLC
Lance,T,Dis Associates
Jolene,M,Tortor Industries
Tad,M,Tincidunt Inc.
Brooke,M,Tincidunt Inc.
Merrill,T,Ultricies LLC
Brianna,T,Nulla Corporation
Nero,T,Nulla Corporation
Lewis,E,Tortor Industries
Alea,T,Dis Associates
Molly,M,Mauris Morbi Non LLC
Nola,M,Arcu Foundation
Mara,T,Arcu Foundation
Blaine,T,Arcu Foundation
Ezekiel,E,Dis Associates
Kathleen,T,Dis Associates
Emmanuel,T,Ultricies LLC
Acton,E,Tincidunt Inc.
Cara,T,Tincidunt Inc.
Derek,T,Tincidunt Inc.
Amery,T,Tincidunt Inc.
Leilani,E,Tortor Industries
Holmes,T,Ultricies LLC
Taylor,T,Mauris Morbi Non LLC
Erica,E,Mauris Morbi Non LLC
Shad,T,Tortor Industries
Kasimir,E,Ultricies LLC
Blair,T,Dis Associates
Carl,E,Tortor Industries
Alexandra,T,Arcu Foundation
Basia,M,Arcu Foundation
Emerald,M,Tortor Industries
Priscilla,M,Ultricies LLC
Kirestin,M,Mauris Morbi Non LLC
Bethany,M,Tortor Industries
Urielle,E,Mauris Morbi Non LLC
Wesley,T,Tincidunt Inc.
Marsden,E,Tincidunt Inc.
Hayfa,M,Nulla Corporation
Yuli,M,Nulla Corporation
Carla,T,Nulla Corporation
Gray,T,Arcu Foundation
Nathan,E,Tortor Industries
Jane,T,Dis Associates
Tara,T,Tortor Industries
Dana,E,Ultricies LLC
Kieran,M,Tortor Industries
Branden,M,Arcu Foundation
Hasad,E,Tincidunt Inc.
Scarlet,M,Ultricies LLC
Nomlanga,M,Tincidunt Inc.
Herrod,E,Ultricies LLC
Mechelle,T,Mauris Morbi Non LLC
Callie,T,Arcu Foundation
Natalie,T,Arcu Foundation
Lisandra,M,Nulla Corporation
Hall,T,Tortor Industries
Beverly,T,Ultricies LLC
Andrew,E,Ultricies LLC
Gloria,T,Tincidunt Inc.
Marshall,T,Dis Associates
Baxter,M,Tortor Industries
Francis,M,Nulla Corporation
Rudyard,T,Dis Associates
Garrison,M,Dis Associates
Driscoll,E,Nulla Corporation
Keely,M,Arcu Foundation
Renee,E,Tortor Industries
Chantale,T,Ultricies LLC
Baker,T,Tortor Industries
Xanthus,T,Tincidunt Inc.
Nehru,M,Tincidunt Inc.
Cadman,M,Tortor Industries
Gannon,E,Tortor Industries
Amery,T,Tortor Industries
Shelby,T,Dis Associates
Kirsten,E,Mauris Morbi Non LLC
Roanna,T,Tortor Industries
Quynn,E,Mauris Morbi Non LLC
Sierra,M,Mauris Morbi Non LLC
Cyrus,M,Dis Associates
Judith,E,Tincidunt Inc.
Levi,T,Dis Associates
Price,T,Arcu Foundation
Adam,E,Mauris Morbi Non LLC
Marshall,T,Tincidunt Inc.
Ila,M,Ultricies LLC
David,T,Ultricies LLC
Abdul,M,Mauris Morbi Non LLC
Bradley,M,Nulla Corporation
Holmes,E,Mauris Morbi Non LLC
Amos,M,Dis Associates
Gareth,T,Nulla Corporation
Tanek,T,Dis Associates
Evan,M,Tortor Industries
Bernard,T,Ultricies LLC
Odysseus,E,Nulla Corporation
Blaze,T,Tincidunt Inc.
Bree,M,Mauris Morbi Non LLC
Odette,T,Arcu Foundation
Duncan,E,Dis Associates
Garth,M,Dis Associates
Dora,E,Dis Associates
Keegan,M,Ultricies LLC
Curran,E,Mauris Morbi Non LLC
Germaine,T,Tincidunt Inc.
Odessa,E,Tortor Industries
Beck,E,Nulla Corporation
Christopher,M,Arcu Foundation
Honorato,E,Nulla Corporation
Bianca,T,Arcu Foundation
Gwendolyn,E,Ultricies LLC
Ulla,T,Mauris Morbi Non LLC
Zenia,T,Nulla Corporation
Tashya,E,Nulla Corporation
Ulric,E,Tortor Industries
Brady,M,Dis Associates
Leonard,M,Ultricies LLC
Ferris,M,Tortor Industries
Reuben,E,Arcu Foundation
Galvin,T,Nulla Corporation
Victoria,M,Arcu Foundation
Molly,T,Tortor Industries
Lysandra,E,Tortor Industries
Harlan,M,Tincidunt Inc.
Signe,M,Tortor Industries
Jamalia,M,Tincidunt Inc.
Kirsten,T,Dis Associates
Ashton,E,Mauris Morbi Non LLC
Nell,T,Dis Associates
Colt,E,Tincidunt Inc.
Laurel,E,Nulla Corporation
Jolene,M,Ultricies LLC
Caleb,M,Ultricies LLC
Carissa,T,Arcu Foundation
Kermit,E,Mauris Morbi Non LLC
Lamar,T,Tortor Industries
Craig,M,Nulla Corporation
Giacomo,E,Nulla Corporation
Donovan,T,Tortor Industries
Madonna,M,Tincidunt Inc.
Rachel,M,Arcu Foundation
Bernard,E,Mauris Morbi Non LLC
Luke,E,Dis Associates
Ryan,M,Arcu Foundation
Erich,T,Mauris Morbi Non LLC
Aquila,E,Tortor Industries
Amelia,E,Tincidunt Inc.
Donovan,T,Nulla Corporation
Alyssa,M,Mauris Morbi Non LLC
Victoria,E,Tortor Industries
Nathan,E,Nulla Corporation
Kuame,T,Mauris Morbi Non LLC
Raven,M,Tincidunt Inc.
Brianna,E,Nulla Corporation
Ifeoma,E,Ultricies LLC
Emerson,M,Tincidunt Inc.
Lenore,E,Tincidunt Inc.
Hunter,T,Tincidunt Inc.
Kelly,E,Dis Associates
Orson,E,Ultricies LLC
Brenden,M,Tortor Industries
Neve,M,Tincidunt Inc.
Clinton,E,Arcu Foundation
Naomi,M,Tortor Industries
Nathan,T,Tortor Industries
Barry,M,Tincidunt Inc.
Wayne,E,Nulla Corporation
Sonya,T,Mauris Morbi Non LLC
Rylee,M,Tincidunt Inc.
Tamara,E,Dis Associates
Laurel,M,Tortor Industries
Talon,E,Tortor Industries
Merrill,E,Tincidunt Inc.
Adele,E,Ultricies LLC
Yardley,T,Ultricies LLC
Zoe,E,Tortor Industries
Brenden,M,Tincidunt Inc.
Aline,E,Mauris Morbi Non LLC
Drake,M,Nulla Corporation
Avram,T,Arcu Foundation
Vance,E,Mauris Morbi Non LLC
Ursula,T,Tortor Industries
Lisandra,M,Dis Associates
Garrett,T,Arcu Foundation
Idona,E,Mauris Morbi Non LLC
Reuben,M,Tortor Industries
Channing,E,Tincidunt Inc.
Brett,M,Arcu Foundation
Alden,T,Dis Associates
Jerome,T,Ultricies LLC
Helen,T,Ultricies LLC
Damian,M,Mauris Morbi Non LLC
Rana,E,Nulla Corporation
Joelle,E,Ultricies LLC
Emmanuel,M,Dis Associates
Brock,M,Tincidunt Inc.
Ethan,E,Dis Associates
Quintessa,E,Nulla Corporation
Zeus,M,Nulla Corporation
Aphrodite,T,Tortor Industries
September,T,Dis Associates
Lavinia,M,Dis Associates
Merritt,E,Nulla Corporation
Amaya,E,Mauris Morbi Non LLC
Joel,E,Mauris Morbi Non LLC
Fiona,M,Tortor Industries
Veda,M,Dis Associates
Shafira,M,Nulla Corporation
Ori,E,Ultricies LLC
Rooney,E,Nulla Corporation
Knox,E,Mauris Morbi Non LLC
Zane,M,Tincidunt Inc.
Samuel,M,Arcu Foundation
Lila,M,Nulla Corporation
Clarke,M,Nulla Corporation
Hedy,T,Tincidunt Inc.
Reuben,M,Mauris Morbi Non LLC
Wynne,T,Tortor Industries
Pearl,E,Mauris Morbi Non LLC
Porter,M,Nulla Corporation
Tana,M,Ultricies LLC
Hilel,E,Mauris Morbi Non LLC
Nathaniel,M,Arcu Foundation
Martina,M,Tortor Industries
Emma,E,Tincidunt Inc.
Jenna,M,Ultricies LLC
Valentine,T,Tortor Industries
Gwendolyn,T,Ultricies LLC
Jin,T,Tortor Industries
Quinn,M,Mauris Morbi Non LLC
MacKenzie,T,Ultricies LLC
Davis,M,Tortor Industries
Luke,T,Tincidunt Inc.
Amery,T,Tortor Industries
Mikayla,E,Tincidunt Inc.
Ralph,E,Tortor Industries
Mollie,M,Dis Associates
Talon,T,Tortor Industries
Ariana,T,Ultricies LLC
Tiger,E,Arcu Foundation
Harlan,M,Mauris Morbi Non LLC
Howard,E,Dis Associates
Adele,T,Ultricies LLC
Brielle,E,Mauris Morbi Non LLC
Jonah,T,Dis Associates
Marah,T,Nulla Corporation
Candice,E,Tortor Industries
MacKenzie,E,Tincidunt Inc.
Ursa,E,Nulla Corporation
Kasimir,M,Mauris Morbi Non LLC
Xanthus,E,Mauris Morbi Non LLC
Mechelle,E,Mauris Morbi Non LLC
Willow,T,Tincidunt Inc.
Kaseem,M,Mauris Morbi Non LLC
Mariam,T,Tortor Industries
Autumn,T,Nulla Corporation
Melanie,T,Tortor Industries
Kenyon,T,Dis Associates
Seth,T,Nulla Corporation
Melinda,T,Tincidunt Inc.
Faith,M,Arcu Foundation
Lamar,T,Dis Associates
Dante,E,Ultricies LLC
Chancellor,T,Ultricies LLC
Hermione,M,Mauris Morbi Non LLC
Odysseus,M,Arcu Foundation
Abbot,M,Arcu Foundation
Jasmine,M,Nulla Corporation
Gregory,E,Mauris Morbi Non LLC
Virginia,M,Dis Associates
Carol,E,Nulla Corporation
Rooney,M,Nulla Corporation
Zeus,M,Tortor Industries
Kenyon,T,Dis Associates
Brooke,T,Mauris Morbi Non LLC
Rana,T,Nulla Corporation
Maile,T,Arcu Foundation
Rajah,T,Ultricies LLC
Paul,M,Tortor Industries
Althea,M,Mauris Morbi Non LLC
Sarah,M,Dis Associates
Ralph,E,Dis Associates
Madison,E,Ultricies LLC
Leroy,T,Mauris Morbi Non LLC
Brandon,M,Tincidunt Inc.
Chava,M,Dis Associates
Julian,M,Nulla Corporation
Daquan,E,Tortor Industries
Branden,E,Arcu Foundation
Aidan,E,Ultricies LLC
Hedley,E,Ultricies LLC
Quintessa,M,Tincidunt Inc.
Karyn,M,Mauris Morbi Non LLC
Xaviera,E,Tincidunt Inc.
Aristotle,T,Tincidunt Inc.
Rhonda,E,Dis Associates
Nehru,E,Arcu Foundation
Deirdre,T,Arcu Foundation
Kennan,M,Mauris Morbi Non LLC
Martin,M,Tincidunt Inc.
Dalton,M,Arcu Foundation
Armand,E,Dis Associates
Deirdre,T,Ultricies LLC
Chanda,T,Arcu Foundation
Harlan,M,Ultricies LLC
Alisa,E,Ultricies LLC
Jessica,M,Arcu Foundation
Kennedy,T,Dis Associates
Idola,E,Dis Associates
Malachi,E,Nulla Corporation
Hayes,E,Mauris Morbi Non LLC
Macaulay,T,Tortor Industries
Mason,M,Nulla Corporation
Wanda,M,Nulla Corporation
Nicholas,T,Nulla Corporation
Daryl,E,Tortor Industries
Garrison,E,Tincidunt Inc.
Jesse,M,Arcu Foundation
Brynn,T,Tortor Industries
Rhona,T,Tincidunt Inc.
Magee,T,Mauris Morbi Non LLC
Christopher,E,Tortor Industries
Hyatt,E,Nulla Corporation
Ira,M,Mauris Morbi Non LLC
Jeanette,T,Arcu Foundation
Daniel,M,Dis Associates
James,T,Arcu Foundation
Leonard,T,Tortor Industries
Judith,E,Nulla Corporation
Sara,E,Mauris Morbi Non LLC
Marcia,E,Nulla Corporation
Gray,E,Mauris Morbi Non LLC
Carson,T,Dis Associates
Rhonda,E,Tincidunt Inc.
Wang,E,Mauris Morbi Non LLC
Francesca,E,Arcu Foundation
Victor,E,Dis Associates
Jenna,T,Arcu Foundation
Sylvia,E,Tincidunt Inc.
Martina,E,Dis Associates
Paul,M,Dis Associates
Alika,T,Dis Associates
Dalton,E,Tortor Industries
Marsden,M,Mauris Morbi Non LLC
Tallulah,T,Tortor Industries
Raphael,T,Nulla Corporation
Martina,T,Tincidunt Inc.
Ferdinand,M,Dis Associates
Petra,T,Arcu Foundation
Hayes,M,Arcu Foundation
Shelley,T,Mauris Morbi Non LLC
Samuel,E,Ultricies LLC
Dustin,M,Mauris Morbi Non LLC
Kennan,E,Mauris Morbi Non LLC
Chanda,M,Ultricies LLC
Evan,E,Tincidunt Inc.
Carissa,T,Nulla Corporation
Alexander,E,Tincidunt Inc.
Oprah,E,Mauris Morbi Non LLC
Samantha,E,Arcu Foundation
Maile,M,Dis Associates
Whitney,E,Arcu Foundation
Ashton,M,Arcu Foundation
Drake,M,Mauris Morbi Non LLC
Quemby,T,Ultricies LLC
Teagan,M,Dis Associates
Cheyenne,M,Nulla Corporation
Alan,E,Mauris Morbi Non LLC
Baker,M,Dis Associates
Pascale,T,Mauris Morbi Non LLC
Kaseem,E,Tincidunt Inc.
Gavin,E,Mauris Morbi Non LLC
Jolie,E,Mauris Morbi Non LLC
Minerva,M,Tortor Industries
Cruz,E,Nulla Corporation
Katell,T,Dis Associates
Aladdin,T,Arcu Foundation
Sacha,M,Arcu Foundation
Scarlett,T,Tortor Industries
Zahir,E,Tincidunt Inc.
Tashya,T,Tortor Industries
Nasim,M,Tortor Industries
Leonard,M,Tortor Industries
Emerson,M,Ultricies LLC
Bethany,T,Dis Associates
Lee,T,Nulla Corporation
Uriah,T,Tincidunt Inc.
Rashad,M,Mauris Morbi Non LLC
Melodie,E,Mauris Morbi Non LLC
Noelani,M,Ultricies LLC
Yasir,T,Ultricies LLC
Ira,E,Dis Associates
Kibo,E,Dis Associates
Kelsie,T,Dis Associates
Shad,E,Tortor Industries
Sasha,E,Arcu Foundation
Carissa,M,Ultricies LLC
Alden,T,Nulla Corporation
Clark,E,Tortor Industries
Brynne,E,Dis Associates
Fleur,M,Arcu Foundation
Mona,E,Tincidunt Inc.
Cally,M,Ultricies LLC
Dieter,T,Arcu Foundation
Marshall,T,Nulla Corporation
Zena,E,Arcu Foundation
Elton,T,Ultricies LLC
Kelsey,E,Mauris Morbi Non LLC
Audrey,E,Mauris Morbi Non LLC
Byron,E,Arcu Foundation
Vielka,E,Mauris Morbi Non LLC
Rashad,T,Nulla Corporation
Farrah,E,Arcu Foundation
Driscoll,M,Arcu Foundation
Perry,M,Tincidunt Inc.
Aphrodite,E,Dis Associates
Phoebe,E,Tortor Industries
Hiram,M,Tincidunt Inc.
Charles,T,Nulla Corporation
Penelope,M,Ultricies LLC
Cooper,E,Dis Associates
Aristotle,E,Nulla Corporation
Tamekah,E,Nulla Corporation
Zeus,T,Dis Associates
Walker,E,Arcu Foundation
Lani,E,Tincidunt Inc.
Melissa,M,Nulla Corporation
Rafael,T,Dis Associates
Graham,T,Dis Associates
Perry,M,Dis Associates
Xantha,T,Nulla Corporation
Prescott,E,Tortor Industries
Deanna,M,Tincidunt Inc.
Keaton,M,Tincidunt Inc.
Connor,M,Arcu Foundation
Brennan,M,Dis Associates
Lamar,E,Nulla Corporation
Gay,E,Tortor Industries
Dominic,M,Ultricies LLC
Carly,E,Ultricies LLC
Jaquelyn,M,Mauris Morbi Non LLC
Hakeem,M,Dis Associates
Thomas,E,Tortor Industries
Brent,E,Mauris Morbi Non LLC
Blossom,M,Ultricies LLC
Nelle,M,Arcu Foundation
Isaac,T,Arcu Foundation
Ashton,M,Nulla Corporation
Prescott,T,Dis Associates
Rudyard,M,Ultricies LLC
Kevyn,E,Arcu Foundation
Paul,M,Nulla Corporation
Jillian,E,Tortor Industries
Dennis,T,Mauris Morbi Non LLC
Herman,E,Dis Associates
Martin,T,Tortor Industries
Ainsley,M,Tincidunt Inc.
Thomas,E,Mauris Morbi Non LLC
Daniel,T,Nulla Corporation
Samuel,T,Tortor Industries
Erica,M,Dis Associates
Neve,T,Tincidunt Inc.
Tamekah,E,Tortor Industries
Bruno,E,Tortor Industries
Mara,M,Tincidunt Inc.
Nita,T,Tortor Industries
Joelle,T,Dis Associates
Basia,T,Dis Associates
Addison,M,Dis Associates
Cruz,M,Dis Associates
Dexter,T,Dis Associates
Eden,E,Tincidunt Inc.
Gary,M,Ultricies LLC
Denton,T,Ultricies LLC
Brielle,M,Arcu Foundation
Holly,E,Tortor Industries
Ivory,E,Mauris Morbi Non LLC
Risa,M,Arcu Foundation
Indira,M,Mauris Morbi Non LLC
Olivia,M,Arcu Foundation
Ariana,E,Nulla Corporation
Isaac,E,Tincidunt Inc.
Asher,E,Dis Associates
Zorita,M,Tortor Industries
Ryan,M,Mauris Morbi Non LLC
Wilma,T,Tincidunt Inc.
Whoopi,T,Ultricies LLC
Aurelia,M,Nulla Corporation
Latifah,E,Ultricies LLC
Nichole,E,Arcu Foundation
Graiden,M,Tortor Industries
Deacon,E,Tincidunt Inc.
Devin,T,Nulla Corporation
Vance,T,Arcu Foundation
Ciaran,M,Tincidunt Inc.
Charlotte,M,Dis Associates
Colt,M,Mauris Morbi Non LLC
Otto,M,Tincidunt Inc.
Elizabeth,M,Nulla Corporation
Ava,E,Tortor Industries
Samuel,M,Arcu Foundation
Jameson,M,Nulla Corporation
Patrick,E,Mauris Morbi Non LLC
Melanie,T,Tincidunt Inc.
Odessa,E,Ultricies LLC
Kiayada,M,Arcu Foundation
Rhiannon,E,Mauris Morbi Non LLC
Thor,T,Tortor Industries
Deacon,T,Nulla Corporation
Bevis,T,Ultricies LLC
Wade,M,Ultricies LLC
Zahir,M,Dis Associates
Dean,M,Ultricies LLC
Nissim,E,Mauris Morbi Non LLC
Natalie,E,Arcu Foundation
Sydnee,M,Ultricies LLC
Kyle,T,Ultricies LLC
Ivy,T,Nulla Corporation
Slade,E,Tortor Industries
Vernon,E,Ultricies LLC
Macey,T,Nulla Corporation
Shellie,E,Tincidunt Inc.
Cara,E,Tortor Industries
Steel,T,Tortor Industries
Plato,E,Dis Associates
Jameson,T,Dis Associates
Hammett,T,Ultricies LLC
Miranda,E,Mauris Morbi Non LLC
Angelica,E,Tincidunt Inc.
Owen,M,Nulla Corporation
Shay,M,Dis Associates
Deborah,M,Tincidunt Inc.
Sade,M,Mauris Morbi Non LLC
Quamar,T,Arcu Foundation
Chanda,M,Ultricies LLC
Sean,T,Arcu Foundation
Stacey,M,Arcu Foundation
Echo,E,Nulla Corporation
Carolyn,M,Tincidunt Inc.
Rinah,M,Arcu Foundation
Logan,T,Dis Associates
Callum,E,Mauris Morbi Non LLC
Dolan,M,Tortor Industries
Nero,T,Tincidunt Inc.
Eve,E,Nulla Corporation
Finn,T,Arcu Foundation
Emmanuel,T,Arcu Foundation
Halla,T,Tincidunt Inc.
Judith,T,Tincidunt Inc.
Evan,E,Tincidunt Inc.
Sebastian,M,Tincidunt Inc.
Raya,T,Tortor Industries
Shad,E,Mauris Morbi Non LLC
Orlando,M,Dis Associates
Gavin,M,Tortor Industries
Orla,E,Tincidunt Inc.
Yeo,M,Arcu Foundation
Kenneth,M,Arcu Foundation
Angela,T,Tincidunt Inc.
Rana,T,Tortor Industries
Nathan,T,Arcu Foundation
Sydnee,E,Ultricies LLC
Martina,M,Dis Associates
Colby,T,Tincidunt Inc.
Theodore,M,Ultricies LLC
Harding,E,Arcu Foundation
Leigh,E,Tortor Industries
Kelsey,E,Nulla Corporation
Cheyenne,M,Arcu Foundation
Renee,T,Dis Associates
Hashim,M,Mauris Morbi Non LLC
Nasim,E,Ultricies LLC
TaShya,T,Tincidunt Inc.
Kaden,E,Arcu Foundation
Joel,E,Tincidunt Inc.
Kenneth,E,Mauris Morbi Non LLC
Leah,E,Tortor Industries
Dahlia,T,Ultricies LLC
Riley,E,Mauris Morbi Non LLC
Vladimir,M,Tortor Industries
Ramona,T,Arcu Foundation
Emerson,M,Ultricies LLC
Amos,M,Tincidunt Inc.
Demetrius,M,Tincidunt Inc.
Nash,M,Dis Associates
Lane,E,Nulla Corporation
Ivan,M,Ultricies LLC
Ocean,M,Arcu Foundation
Blake,T,Arcu Foundation
Logan,T,Tincidunt Inc.
Wylie,M,Ultricies LLC
Rudyard,E,Tincidunt Inc.
Shellie,E,Tincidunt Inc.
Perry,T,Mauris Morbi Non LLC
Rebekah,M,Tincidunt Inc.
Mallory,T,Ultricies LLC
Natalie,E,Nulla Corporation
Gage,T,Nulla Corporation
Blaze,T,Dis Associates
Jakeem,E,Ultricies LLC
Bert,T,Dis Associates
Stephen,M,Mauris Morbi Non LLC
Berk,E,Ultricies LLC
Ann,M,Tortor Industries
Paul,E,Arcu Foundation
Kameko,T,Nulla Corporation
Kibo,T,Tortor Industries
Mannix,T,Tincidunt Inc.
Kimberly,T,Tortor Industries
Ronan,M,Arcu Foundation
Florence,T,Mauris Morbi Non LLC
Mona,T,Tortor Industries
Wilma,T,Dis Associates
Roth,M,Nulla Corporation
Lewis,E,Tincidunt Inc.
Hedley,M,Ultricies LLC
Rahim,M,Mauris Morbi Non LLC
Glenna,M,Mauris Morbi Non LLC
Timothy,T,Arcu Foundation
Amethyst,M,Ultricies LLC
Troy,E,Nulla Corporation
Lucian,T,Tincidunt Inc.
Miranda,T,Tincidunt Inc.
Azalia,M,Nulla Corporation
Ciara,E,Arcu Foundation
Elliott,E,Mauris Morbi Non LLC
Amity,M,Mauris Morbi Non LLC
Cheyenne,E,Arcu Foundation
Jorden,T,Ultricies LLC
Preston,E,Ultricies LLC
Kyla,M,Nulla Corporation
Fredericka,E,Nulla Corporation
Ila,E,Dis Associates
Abdul,T,Mauris Morbi Non LLC
Kyle,E,Arcu Foundation
Callum,M,Dis Associates
Hayes,M,Ultricies LLC
Selma,T,Mauris Morbi Non LLC
Reece,E,Arcu Foundation
Wayne,M,Tortor Industries
Hayes,T,Dis Associates
Howard,E,Arcu Foundation
Quyn,T,Mauris Morbi Non LLC
Kenneth,E,Dis Associates
Avye,T,Mauris Morbi Non LLC
Wanda,T,Tincidunt Inc.
Baker,T,Arcu Foundation
Maile,T,Dis Associates
Charity,E,Arcu Foundation
Maris,M,Dis Associates
Colette,M,Mauris Morbi Non LLC
Hop,M,Dis Associates
Olga,M,Ultricies LLC
Azalia,T,Arcu Foundation
Lee,T,Dis Associates
Avram,E,Ultricies LLC
Leroy,E,Mauris Morbi Non LLC
Emma,T,Mauris Morbi Non LLC
Blaine,M,Tortor Industries
Brenden,E,Dis Associates
Chandler,T,Mauris Morbi Non LLC
Aphrodite,M,Nulla Corporation
Alfonso,M,Arcu Foundation
Berk,M,Mauris Morbi Non LLC
Chanda,T,Dis Associates
Ray,M,Tincidunt Inc.
Murphy,T,Tortor Industries
Barrett,M,Ultricies LLC
Adam,E,Tortor Industries
Alexander,M,Tincidunt Inc.
Lilah,T,Dis Associates
Piper,E,Tortor Industries
Randall,M,Dis Associates
Cadman,E,Tincidunt Inc.
Deanna,E,Mauris Morbi Non LLC
Kimberley,T,Tincidunt Inc.
Elliott,E,Nulla Corporation
Raja,E,Mauris Morbi Non LLC
Imelda,E,Tincidunt Inc.
George,E,Ultricies LLC
Cassidy,T,Tortor Industries
Velma,M,Dis Associates
Joel,T,Mauris Morbi Non LLC
Quentin,T,Tincidunt Inc.
Jonah,M,Nulla Corporation
Nadine,T,Dis Associates
Aretha,M,Dis Associates
Vera,E,Dis Associates
Dillon,T,Mauris Morbi Non LLC
Dieter,E,Ultricies LLC
Nathan,T,Ultricies LLC
Willow,M,Dis Associates
Ishmael,E,Dis Associates
Jillian,M,Tortor Industries
Paki,M,Mauris Morbi Non LLC
Raymond,M,Nulla Corporation
Sydney,T,Arcu Foundation
Caldwell,E,Nulla Corporation
Edward,M,Tortor Industries
Indira,E,Dis Associates
Joel,M,Mauris Morbi Non LLC
Yael,T,Dis Associates
Gillian,T,Dis Associates
Raven,E,Dis Associates
Jerome,E,Mauris Morbi Non LLC
Harriet,E,Tortor Industries
Wade,E,Tortor Industries
Cassady,T,Arcu Foundation
Ramona,M,Arcu Foundation
Emmanuel,M,Tortor Industries
Jada,M,Mauris Morbi Non LLC
Gemma,M,Tortor Industries
Jerry,T,Arcu Foundation
Brody,T,Tincidunt Inc.
Bruce,M,Nulla Corporation
Paula,T,Mauris Morbi Non LLC
Gabriel,E,Ultricies LLC
Maisie,T,Arcu Foundation
Lawrence,M,Ultricies LLC
Shellie,E,Arcu Foundation
Joel,T,Tortor Industries
Magee,M,Tortor Industries
Zia,T,Tortor Industries
Alexis,T,Mauris Morbi Non LLC
Jessamine,E,Arcu Foundation
Samson,M,Ultricies LLC
Calvin,T,Nulla Corporation
Warren,E,Nulla Corporation
Anjolie,E,Nulla Corporation
Barclay,T,Tincidunt Inc.
Tashya,E,Tortor Industries
Damian,T,Arcu Foundation
Rooney,M,Dis Associates
Tiger,T,Mauris Morbi Non LLC
Wyoming,T,Mauris Morbi Non LLC
Cullen,M,Dis Associates
Austin,E,Tortor Industries
Kuame,T,Ultricies LLC
Colton,M,Dis Associates
Maile,M,Tincidunt Inc.
Samuel,E,Nulla Corporation
Chaim,M,Tortor Industries
Yen,M,Tincidunt Inc.
Noah,E,Mauris Morbi Non LLC
Gillian,E,Tincidunt Inc.
Jordan,T,Dis Associates
Pearl,E,Dis Associates
Nerea,M,Nulla Corporation
Olympia,E,Nulla Corporation
Aspen,M,Arcu Foundation
Maya,M,Tincidunt Inc.
Serena,T,Dis Associates
Josephine,E,Mauris Morbi Non LLC
Charlotte,E,Tincidunt Inc.
Burton,T,Ultricies LLC
Heather,M,Mauris Morbi Non LLC
Phelan,E,Ultricies LLC
Richard,M,Nulla Corporation
Norman,M,Tincidunt Inc.
Hector,E,Mauris Morbi Non LLC
Baker,T,Dis Associates
Fritz,M,Dis Associates
Judah,T,Tincidunt Inc.
Nehru,M,Nulla Corporation
Zachary,T,Mauris Morbi Non LLC
Fletcher,M,Tincidunt Inc.
Ivor,E,Mauris Morbi Non LLC
Kieran,E,Ultricies LLC
Germaine,M,Tortor Industries
Kelly,E,Dis Associates
Erich,M,Tortor Industries
Wyoming,E,Nulla Corporation
Remedios,E,Nulla Corporation
Ramona,T,Mauris Morbi Non LLC
Aurelia,M,Tincidunt Inc.
Karly,M,Mauris Morbi Non LLC
Philip,M,Ultricies LLC
Amity,T,Arcu Foundation
Tyrone,T,Mauris Morbi Non LLC
Neville,E,Mauris Morbi Non LLC
Lucian,E,Dis Associates
Pamela,E,Ultricies LLC
Octavia,E,Dis Associates
Noble,E,Mauris Morbi Non LLC
Elijah,T,Arcu Foundation
Darrel,E,Dis Associates
Wyoming,M,Ultricies LLC
Nell,T,Ultricies LLC
Mechelle,T,Dis Associates
Griffin,E,Nulla Corporation
Shaeleigh,T,Dis Associates
Price,T,Arcu Foundation
Lynn,M,Nulla Corporation
Shelley,T,Dis Associates
Blaine,E,Mauris Morbi Non LLC
Amery,T,Arcu Foundation
Tatyana,E,Arcu Foundation
Bert,M,Tincidunt Inc.
Ignatius,M,Tortor Industries
Veda,E,Tincidunt Inc.
Stephanie,E,Arcu Foundation
Hiram,E,Mauris Morbi Non LLC
Jessica,M,Tortor Industries
Emerson,T,Dis Associates
Bo,T,Mauris Morbi Non LLC
Beverly,E,Tincidunt Inc.
Francis,E,Mauris Morbi Non LLC
Emerson,T,Tincidunt Inc.
Ocean,M,Tortor Industries
Kyra,T,Dis Associates
Yuli,T,Tincidunt Inc.
Aaron,E,Nulla Corporation
Celeste,T,Tortor Industries
Theodore,T,Mauris Morbi Non LLC
Hamish,M,Mauris Morbi Non LLC
Jermaine,M,Dis Associates
Madeline,E,Dis Associates
Harlan,T,Ultricies LLC
Lee,T,Tortor Industries
Justina,M,Tortor Industries
Ezekiel,E,Nulla Corporation
Alec,E,Tincidunt Inc.
Ann,M,Ultricies LLC
Yoshio,E,Tincidunt Inc.
Demetrius,M,Ultricies LLC
Kendall,M,Tincidunt Inc.
Stewart,M,Ultricies LLC
Martena,M,Mauris Morbi Non LLC
Jillian,T,Tortor Industries
Lucas,M,Tincidunt Inc.
Barclay,E,Nulla Corporation
Molly,E,Mauris Morbi Non LLC
Elizabeth,E,Nulla Corporation
Alika,M,Tortor Industries
Galvin,T,Tortor Industries
Ruby,E,Tincidunt Inc.
Derek,M,Mauris Morbi Non LLC
Rafael,E,Arcu Foundation
Cain,E,Ultricies LLC
Baxter,E,Mauris Morbi Non LLC
Owen,M,Dis Associates
Samantha,M,Tincidunt Inc.
Germane,T,Ultricies LLC
Mohammad,T,Arcu Foundation
Michelle,T,Mauris Morbi Non LLC
Graiden,E,Dis Associates
Tyler,M,Arcu Foundation
Jaquelyn,M,Dis Associates
Elvis,M,Tincidunt Inc.
Garth,T,Ultricies LLC
Rhonda,E,Ultricies LLC
Graham,M,Ultricies LLC
Benjamin,M,Mauris Morbi Non LLC
Ifeoma,M,Mauris Morbi Non LLC
Rudyard,E,Mauris Morbi Non LLC
Noelle,M,Dis Associates
Zeph,E,Tincidunt Inc.
Lyle,T,Mauris Morbi Non LLC
Myles,T,Tortor Industries
Ciaran,M,Tortor Industries
Dillon,E,Tincidunt Inc.
Willow,E,Nulla Corporation
Sade,M,Tincidunt Inc.
Cain,E,Arcu Foundation
Ifeoma,M,Nulla Corporation
Drew,E,Tincidunt Inc.
Wylie,T,Ultricies LLC
Stuart,E,Ultricies LLC
Yen,E,Tortor Industries
Helen,E,Tincidunt Inc.
Justina,E,Tortor Industries
Blossom,E,Nulla Corporation
Wade,E,Nulla Corporation
Tamara,M,Tincidunt Inc.
Brian,M,Tincidunt Inc.
MacKenzie,T,Nulla Corporation
Paki,M,Nulla Corporation
Todd,M,Mauris Morbi Non LLC
Carter,M,Dis Associates
Lenore,M,Dis Associates
Lucian,E,Tortor Industries
Fay,E,Dis Associates
Audrey,T,Arcu Foundation
Simon,T,Ultricies LLC
Lacota,M,Tortor Industries
Tanner,M,Dis Associates
Dana,T,Tincidunt Inc.
Colby,T,Tincidunt Inc.
Teegan,M,Tortor Industries
Eric,E,Ultricies LLC
Acton,M,Mauris Morbi Non LLC
Britanney,M,Ultricies LLC
Francesca,E,Nulla Corporation
Demetria,M,Nulla Corporation
Barclay,E,Nulla Corporation
Brendan,T,Arcu Foundation
Courtney,M,Mauris Morbi Non LLC
Michael,T,Mauris Morbi Non LLC
Cadman,E,Arcu Foundation
Cain,M,Tincidunt Inc.
Felix,T,Nulla Corporation
Solomon,M,Dis Associates
Garrison,M,Tincidunt Inc.
Shelley,T,Ultricies LLC
Natalie,T,Tincidunt Inc.
Dominic,T,Mauris Morbi Non LLC
Rajah,M,Tortor Industries
Nolan,E,Dis Associates
Fulton,T,Ultricies LLC
Rowan,M,Mauris Morbi Non LLC
Jonas,E,Dis Associates
Nell,M,Ultricies LLC
Camden,T,Dis Associates
Joan,T,Tortor Industries
Fredericka,T,Arcu Foundation
Kadeem,T,Arcu Foundation
Carolyn,M,Tincidunt Inc.
Kaitlin,E,Tincidunt Inc.
Kelly,M,Ultricies LLC
Sylvia,E,Ultricies LLC
Kuame,E,Tincidunt Inc.
Buckminster,E,Arcu Foundation
Jamalia,M,Ultricies LLC
Gwendolyn,T,Dis Associates
Regan,T,Tincidunt Inc.
Amber,E,Tincidunt Inc.
Harding,M,Ultricies LLC
Lee,E,Tincidunt Inc.
Hilda,M,Tincidunt Inc.
Madeline,E,Tortor Industries
Chandler,T,Tortor Industries
Michael,T,Dis Associates
Leandra,M,Ultricies LLC
Ryan,M,Dis Associates
Valentine,T,Nulla Corporation
Harriet,T,Dis Associates
Ivan,E,Tortor Industries
Brody,T,Mauris Morbi Non LLC
Barrett,M,Arcu Foundation
Joseph,E,Arcu Foundation
Melanie,E,Mauris Morbi Non LLC
Sloane,M,Tortor Industries
Knox,E,Tortor Industries
Uriah,M,Mauris Morbi Non LLC
Risa,T,Mauris Morbi Non LLC
Peter,M,Tortor Industries
Louis,T,Tortor Industries
Anne,M,Arcu Foundation
Ira,M,Tortor Industries
Quinn,M,Mauris Morbi Non LLC
Rhiannon,T,Arcu Foundation
Hilel,M,Dis Associates
Mariko,M,Mauris Morbi Non LLC
Harrison,T,Tortor Industries
Summer,T,Tincidunt Inc.
Ifeoma,T,Arcu Foundation
Ursula,M,Tortor Industries
Stewart,M,Dis Associates
Eaton,T,Arcu Foundation
Autumn,T,Mauris Morbi Non LLC
Eleanor,T,Mauris Morbi Non LLC
Thor,M,Tincidunt Inc.
Wade,M,Mauris Morbi Non LLC
Brendan,E,Dis Associates
Amal,T,Tincidunt Inc.
Orlando,T,Tortor Industries
Thane,M,Ultricies LLC
Alea,M,Dis Associates
Thane,T,Mauris Morbi Non LLC
Sacha,M,Ultricies LLC
Mariam,T,Tortor Industries
Jemima,E,Ultricies LLC
Ciara,M,Tortor Industries
Judah,T,Ultricies LLC
Kermit,M,Tincidunt Inc.
Brian,T,Dis Associates
Josiah,T,Nulla Corporation
Rana,E,Nulla Corporation
Shaeleigh,E,Mauris Morbi Non LLC
Xander,T,Nulla Corporation
Gwendolyn,T,Dis Associates
Lois,E,Dis Associates
Judah,T,Arcu Foundation
Barry,M,Nulla Corporation
Jacob,M,Mauris Morbi Non LLC
Morgan,M,Nulla Corporation
Dolan,E,Tincidunt Inc.
Yardley,M,Nulla Corporation
Hamilton,M,Mauris Morbi Non LLC
Wynter,T,Nulla Corporation
Amity,M,Ultricies LLC
Kylee,T,Arcu Foundation
Silas,T,Arcu Foundation
Uriah,M,Arcu Foundation
Richard,T,Tortor Industries
Fleur,E,Tortor Industries
Martin,T,Tortor Industries
Jordan,M,Dis Associates
Gretchen,T,Arcu Foundation
Unity,E,Arcu Foundation
Jin,T,Mauris Morbi Non LLC
Sybil,T,Tincidunt Inc.
Robert,E,Ultricies LLC
Fay,T,Arcu Foundation
Alea,E,Tincidunt Inc.
Declan,T,Ultricies LLC
Geraldine,M,Arcu Foundation
Clark,T,Arcu Foundation
Elijah,M,Arcu Foundation
Kasimir,M,Ultricies LLC
Clare,T,Nulla Corporation
Karina,E,Ultricies LLC
Zephania,T,Tincidunt Inc.
Mason,E,Nulla Corporation
Shoshana,T,Nulla Corporation
Zachery,T,Tortor Industries
Jescie,M,Mauris Morbi Non LLC
Lacy,M,Ultricies LLC
Zane,E,Dis Associates
Walker,M,Mauris Morbi Non LLC
Chantale,E,Arcu Foundation
Britanney,E,Arcu Foundation
Larissa,M,Nulla Corporation
Raja,T,Nulla Corporation
John,M,Dis Associates
Moses,T,Arcu Foundation
Hoyt,M,Dis Associates
Giacomo,E,Arcu Foundation
Maggy,M,Arcu Foundation
Brynne,T,Tincidunt Inc.
Deborah,T,Ultricies LLC
Perry,T,Tortor Industries
Edward,E,Nulla Corporation
Ashton,E,Nulla Corporation
Kato,E,Arcu Foundation
Nyssa,T,Ultricies LLC
Angela,M,Nulla Corporation
Francesca,T,Ultricies LLC
Orson,E,Tortor Industries
May,E,Arcu Foundation
Boris,E,Nulla Corporation
Carlos,T,Nulla Corporation
Francis,T,Arcu Foundation
Tatiana,M,Nulla Corporation
Omar,T,Mauris Morbi Non LLC
Peter,T,Mauris Morbi Non LLC
Dominic,M,Mauris Morbi Non LLC
Benedict,M,Mauris Morbi Non LLC
Ross,M,Mauris Morbi Non LLC
Dante,T,Nulla Corporation
Octavia,E,Mauris Morbi Non LLC
Allistair,E,Nulla Corporation
Shea,T,Nulla Corporation
Gemma,T,Tincidunt Inc.
Noah,T,Mauris Morbi Non LLC
Cullen,E,Nulla Corporation
Ian,E,Dis Associates
Beck,T,Tortor Industries
Pamela,T,Nulla Corporation
Keelie,M,Tincidunt Inc.
Breanna,T,Dis Associates
Sylvester,T,Ultricies LLC
Abdul,M,Tincidunt Inc.
Hedy,T,Tortor Industries
Ursula,E,Nulla Corporation
Jenna,M,Mauris Morbi Non LLC
Dieter,M,Tortor Industries
Jamal,T,Arcu Foundation
Uta,T,Tortor Industries
Olympia,M,Nulla Corporation
India,T,Nulla Corporation
Mercedes,T,Arcu Foundation
Chelsea,M,Ultricies LLC
Melissa,E,Tincidunt Inc.
Darrel,E,Tortor Industries
Ronan,M,Dis Associates
Kato,T,Tincidunt Inc.
Hedy,E,Dis Associates
Uta,E,Nulla Corporation
Zorita,E,Tincidunt Inc.
Melvin,M,Mauris Morbi Non LLC
Quon,E,Arcu Foundation
Whilemina,T,Arcu Foundation
Megan,E,Tortor Industries
Irma,T,Tincidunt Inc.
Carla,T,Tincidunt Inc.
Hope,T,Arcu Foundation
Basia,M,Arcu Foundation
Stella,E,Tincidunt Inc.
Velma,M,Arcu Foundation
Quon,T,Mauris Morbi Non LLC
Shelby,M,Tortor Industries
Kermit,E,Nulla Corporation
Basia,E,Tincidunt Inc.
Ivan,T,Nulla Corporation
Karleigh,M,Arcu Foundation
Barclay,E,Tincidunt Inc.
Asher,T,Tincidunt Inc.
Nathaniel,M,Ultricies LLC
Bell,M,Arcu Foundation
Scott,M,Ultricies LLC
Malcolm,T,Arcu Foundation
Nora,M,Arcu Foundation
Zeus,E,Dis Associates
Stewart,T,Tortor Industries
Leandra,E,Nulla Corporation
Vera,T,Arcu Foundation
Samson,M,Dis Associates
Sonya,E,Tincidunt Inc.
Sybil,T,Tincidunt Inc.
Wyoming,T,Arcu Foundation
Cailin,T,Mauris Morbi Non LLC
Joel,T,Tincidunt Inc.
Zachary,T,Tincidunt Inc.
Rhiannon,M,Tortor Industries
Prescott,M,Arcu Foundation
Tamekah,E,Tincidunt Inc.
Cherokee,T,Tincidunt Inc.
September,M,Tincidunt Inc.
Galvin,M,Tortor Industries
Louis,M,Arcu Foundation
Chancellor,E,Dis Associates
Leigh,M,Tortor Industries
Harding,M,Nulla Corporation
Elliott,T,Tincidunt Inc.
Riley,M,Tortor Industries
Nina,M,Arcu Foundation
Carl,M,Dis Associates
Iliana,M,Nulla Corporation
Sasha,T,Nulla Corporation
Kylynn,M,Dis Associates
Yael,M,Tortor Industries
Dolan,T,Dis Associates
Giacomo,T,Dis Associates
Shana,M,Nulla Corporation
Sharon,T,Tortor Industries
Victoria,M,Nulla Corporation
Castor,E,Mauris Morbi Non LLC
Gillian,T,Arcu Foundation
Liberty,E,Nulla Corporation
Bethany,E,Ultricies LLC
Ina,T,Dis Associates
Angelica,E,Arcu Foundation
Armando,T,Ultricies LLC
Destiny,T,Tortor Industries
Baker,T,Tortor Industries
Brenden,T,Dis Associates
Lunea,T,Tortor Industries
Kelsey,M,Tortor Industries
Warren,T,Ultricies LLC
Blair,M,Tincidunt Inc.
Gwendolyn,E,Ultricies LLC
Ivory,E,Arcu Foundation
Jeremy,M,Tortor Industries
Colin,E,Ultricies LLC
Rooney,E,Dis Associates
Blaine,M,Nulla Corporation
Patricia,E,Tincidunt Inc.
Clementine,T,Tortor Industries
Davis,M,Ultricies LLC
Orlando,E,Dis Associates
Velma,T,Arcu Foundation
Arsenio,E,Tortor Industries
Melodie,T,Tortor Industries
Florence,E,Tortor Industries
Xandra,E,Ultricies LLC
Amena,T,Nulla Corporation
Dexter,M,Tortor Industries
Ali,M,Dis Associates
Mark,E,Mauris Morbi Non LLC
Plato,T,Dis Associates
Idola,E,Arcu Foundation
Stewart,E,Dis Associates
David,E,Nulla Corporation
Barry,T,Ultricies LLC
Silas,E,Dis Associates
Knox,E,Tortor Industries
Morgan,E,Nulla Corporation
Wylie,M,Tincidunt Inc.
Adrienne,E,Tincidunt Inc.
Chester,T,Arcu Foundation
Xanthus,T,Mauris Morbi Non LLC
Ishmael,T,Dis Associates
Cyrus,M,Ultricies LLC
Nelle,T,Nulla Corporation
Garth,M,Tincidunt Inc.
Kiona,M,Tincidunt Inc.
Ria,M,Dis Associates
Elliott,M,Nulla Corporation
Cedric,M,Tincidunt Inc.
Karen,E,Tincidunt Inc.
Caesar,T,Tincidunt Inc.
Linus,M,Dis Associates
Nora,M,Dis Associates
Julian,T,Dis Associates
Lani,T,Dis Associates
Magee,M,Tortor Industries
Bradley,E,Dis Associates
Vernon,T,Dis Associates
Frances,T,Tincidunt Inc.
Dexter,T,Dis Associates
Callie,E,Tortor Industries
Montana,E,Tortor Industries
Justina,T,Ultricies LLC
Yoshio,E,Arcu Foundation
Piper,E,Tincidunt Inc.
Lynn,M,Ultricies LLC
Cairo,T,Tortor Industries
Amanda,M,Tortor Industries
Quentin,M,Arcu Foundation
Aurelia,E,Tortor Industries
Nasim,M,Arcu Foundation
Tanek,E,Ultricies LLC
Lani,M,Ultricies LLC
Helen,E,Arcu Foundation
Carson,M,Ultricies LLC
Shelly,M,Mauris Morbi Non LLC
Ashton,E,Nulla Corporation
Rogan,T,Tincidunt Inc.
Tanek,T,Nulla Corporation
Jocelyn,M,Mauris Morbi Non LLC
Barbara,T,Ultricies LLC
Cadman,E,Tincidunt Inc.
Garrett,T,Arcu Foundation
Iola,T,Mauris Morbi Non LLC
Allen,T,Dis Associates
Samson,M,Tincidunt Inc.
Bevis,M,Tortor Industries
Dillon,E,Tortor Industries
Briar,E,Nulla Corporation
Blaine,T,Dis Associates
Patrick,E,Mauris Morbi Non LLC
Ella,M,Tincidunt Inc.
Hasad,T,Arcu Foundation
Brian,T,Mauris Morbi Non LLC
Donovan,T,Nulla Corporation
Uriel,T,Arcu Foundation
Britanni,T,Arcu Foundation
Paki,T,Ultricies LLC
Nero,M,Dis Associates
Kristen,M,Dis Associates
Ali,T,Tortor Industries
Mason,E,Mauris Morbi Non LLC
Daryl,T,Dis Associates
Mariam,T,Mauris Morbi Non LLC
Matthew,E,Dis Associates
Dustin,M,Tortor Industries
Dante,E,Ultricies LLC
Timothy,E,Ultricies LLC
Odysseus,E,Mauris Morbi Non LLC
Uta,M,Tortor Industries
Jada,M,Ultricies LLC
Burton,E,Dis Associates
Colt,E,Arcu Foundation
Melvin,T,Tortor Industries
Lysandra,T,Nulla Corporation
Arden,M,Arcu Foundation
Jemima,E,Ultricies LLC
Ariana,E,Mauris Morbi Non LLC
Olympia,E,Ultricies LLC
Seth,T,Arcu Foundation
Cullen,T,Dis Associates
Emmanuel,M,Tortor Industries
Stuart,M,Tincidunt Inc.
Madison,M,Ultricies LLC
Elijah,T,Ultricies LLC
Andrew,T,Mauris Morbi Non LLC
Rahim,E,Tincidunt Inc.
Roanna,T,Nulla Corporation
Tanya,M,Tincidunt Inc.
Maxine,E,Tincidunt Inc.
Dean,M,Ultricies LLC
Chase,M,Ultricies LLC
Meredith,T,Tincidunt Inc.
MacKensie,E,Dis Associates
Amery,E,Nulla Corporation
Jelani,E,Nulla Corporation
Lance,E,Ultricies LLC
Cameron,E,Mauris Morbi Non LLC
Blossom,M,Arcu Foundation
Adele,E,Mauris Morbi Non LLC
Demetria,T,Dis Associates
Carlos,T,Tincidunt Inc.
Wynne,E,Nulla Corporation
Ila,E,Ultricies LLC
Isaac,M,Arcu Foundation
Lars,E,Tincidunt Inc.
Kasimir,M,Dis Associates
Urielle,E,Arcu Foundation
Judah,E,Ultricies LLC
Eric,M,Mauris Morbi Non LLC
Malcolm,E,Nulla Corporation
Glenna,M,Arcu Foundation
Russell,T,Dis Associates
Rae,M,Arcu Foundation
Kyle,E,Arcu Foundation
Lee,E,Mauris Morbi Non LLC
Marshall,M,Arcu Foundation
Piper,T,Arcu Foundation
Yardley,E,Tincidunt Inc.
Jasper,E,Dis Associates
Emi,E,Dis Associates
Ruby,T,Dis Associates
Malachi,E,Ultricies LLC
Vera,M,Ultricies LLC
Alexander,M,Dis Associates
Reuben,M,Tortor Industries
Brenden,M,Tortor Industries
Hamish,T,Ultricies LLC
Jescie,T,Tincidunt Inc.
Farrah,M,Tincidunt Inc.
Ira,E,Tincidunt Inc.
Haley,E,Nulla Corporation
Alan,T,Tortor Industries
Ayanna,T,Arcu Foundation
Celeste,M,Ultricies LLC
Quinn,E,Ultricies LLC
Levi,M,Dis Associates
Jana,M,Arcu Foundation
Evan,M,Tincidunt Inc.
Signe,M,Tortor Industries
Giselle,E,Arcu Foundation
Wang,M,Ultricies LLC
Dorian,M,Tincidunt Inc.
Demetria,M,Dis Associates
Briar,E,Dis Associates
Rooney,T,Arcu Foundation
Colorado,T,Tortor Industries
Bruno,M,Arcu Foundation
Benjamin,E,Mauris Morbi Non LLC
Quinn,E,Dis Associates
Kelsie,T,Tortor Industries
Lance,T,Tortor Industries
Rebecca,M,Tincidunt Inc.
Emery,M,Ultricies LLC
Ramona,E,Tincidunt Inc.
Troy,E,Nulla Corporation
Barclay,E,Tortor Industries
Sebastian,E,Arcu Foundation
Urielle,T,Nulla Corporation
Barclay,M,Tortor Industries
Nevada,M,Ultricies LLC
Holmes,E,Ultricies LLC
Porter,M,Ultricies LLC



