Gname,Console
Ahmed,PS3
Adara,XBOX ONE
Cain,NINTENDO SWITCH
Callum,PS
Adele,PS4
Ahmed,PS2
Aileen,XBOX ONE
Britanney,PS4
Camden,XBOX 360
Callie,XBOX 360
Alea,PS2
Brody,XBOX
Aaron,PS3
Caesar,PS2
Burke,XBOX
Ainsley,PS4
Brooke,XBOX ONE
Alea,PC
Burke,NINTENDO SWITCH
Abdul,NINTENDO SWITCH
Akeem,PS3
Brody,NINTENDO SWITCH
Alden,PS2
Calvin,PS3
Calvin,PS
Buckminster,NINTENDO SWITCH
Bryar,NINTENDO SWITCH
Cailin,XBOX 360
Adrienne,PS4
Brynn,XBOX 360
Aimee,PS4
Callum,NINTENDO SWITCH
Camden,PS
Camden,NINTENDO SWITCH
Callum,NINTENDO SWITCH
Ainsley,PS
Abdul,XBOX 360
Abdul,XBOX
Aimee,PS4
Brynne,NINTENDO WII
Adrienne,NINTENDO SWITCH
Britanney,NINTENDO WII
Bruce,PS2
Adrian,XBOX ONE
Bruno,PC
Cade,XBOX 360
Buckminster,XBOX 360
Bryar,XBOX ONE
Cailin,XBOX ONE
Cade,PS
Abbot,NINTENDO WII
Alden,XBOX
Acton,NINTENDO WII
Aimee,XBOX 360
Cadman,XBOX
Addison,XBOX
Cain,XBOX
Bruce,PS4
Cade,PS2
Cairo,PS
Burke,NINTENDO SWITCH
Aiko,XBOX ONE
Abraham,XBOX ONE
Brynn,XBOX ONE
Akeem,NINTENDO WII
Aidan,XBOX 360
Akeem,PS
Brock,XBOX
Aaron,XBOX ONE
Camden,PS
Abraham,PS2
Addison,PS
Ainsley,NINTENDO WII
Abbot,PS4
Caldwell,PS2
Aiko,PS4
Bruce,XBOX 360
Adele,PS4
Alden,PS
Abel,XBOX ONE
Aaron,PS2
Caldwell,PC
Cade,NINTENDO WII
Bryar,XBOX 360
Adele,XBOX ONE
Cain,XBOX
Abel,XBOX ONE
Alden,PS
Aimee,NINTENDO SWITCH
Brody,PS4
Byron,XBOX
Adrienne,PS3
Aileen,PS2
Alan,XBOX
Adara,PC
Brody,PC
Brody,PS3
Britanni,PS
Burton,PS2
Abel,XBOX ONE
Akeem,NINTENDO WII
Ahmed,PC
Ahmed,XBOX
Bryar,PC
Byron,PS
Callie,PS2
Aidan,XBOX ONE
Aileen,PS2
Ahmed,XBOX ONE
Addison,PS3
Brock,XBOX 360
Calvin,PS4
Bruce,PS4
Cain,PS2
Burke,PS
Callie,NINTENDO WII
Caldwell,PS
Byron,PS3
Aimee,PC
Brock,NINTENDO WII
Adrian,NINTENDO SWITCH
Adrienne,XBOX 360
Briar,NINTENDO WII
Alan,XBOX
Bryar,XBOX ONE
Buckminster,XBOX
Aileen,XBOX ONE
Cain,PS4
Aidan,XBOX 360
Buckminster,PS2
Bryar,XBOX 360
Alden,NINTENDO SWITCH
Adrian,XBOX ONE
Ainsley,PS3
Aiko,PC
Aidan,PS
Ainsley,XBOX ONE
Acton,XBOX 360
Briar,XBOX 360
Bruce,PS4
Abdul,PS4
Callum,NINTENDO WII
Cairo,NINTENDO WII
Caleb,XBOX ONE
Britanni,PS2
Adrienne,XBOX
Callum,XBOX 360
Ainsley,PS3
Calvin,PC
Abraham,PS4
Callie,PS4
Bryar,XBOX 360
Cade,PS4
Abbot,PS2
Ahmed,NINTENDO WII
Byron,XBOX
Cailin,PS2
Abel,XBOX ONE
Brynn,XBOX 360
Cain,NINTENDO SWITCH
Bryar,PS2
Bruce,NINTENDO WII
Cadman,PS2
Cally,NINTENDO SWITCH
Adrian,PS
Adele,PS2
Ahmed,XBOX 360
Addison,XBOX
Abraham,NINTENDO WII
Calvin,NINTENDO SWITCH
Ainsley,XBOX ONE
Aimee,PS2
Cade,XBOX
Adara,PS
Caesar,PS4
Ahmed,XBOX ONE
Alden,XBOX ONE
Aaron,NINTENDO WII
Brody,XBOX 360
Britanney,PS
Abel,PS4
Abdul,XBOX ONE
Burke,PS3
Adara,PS4
Addison,PS3
Aladdin,XBOX ONE
Britanni,PS3
Burke,PC
Aimee,PC
Cally,PS3
Alden,PS4
Bruno,XBOX ONE
Aimee,XBOX ONE
Adele,NINTENDO WII
Brynn,XBOX
Aidan,PS3
Brooke,PS3
Adele,PS
Buckminster,PC
Alea,XBOX ONE
Cain,XBOX ONE
Caldwell,PS3
Caldwell,NINTENDO SWITCH
Abraham,NINTENDO SWITCH
Alea,XBOX ONE
Abdul,PC
Abdul,PS
Aaron,XBOX 360
Brock,PS4
Brynn,NINTENDO SWITCH
Abdul,XBOX 360
Ahmed,PC
Addison,PS2
Bruce,PS2
Byron,XBOX 360
Camden,XBOX ONE
Camden,PC
Cadman,PS4
Adara,NINTENDO WII
Cally,PC
Brock,XBOX
Adara,NINTENDO WII
Brooke,PS2
Calvin,XBOX 360
Alan,PS2
Cade,PS4
Bruce,XBOX 360
Brock,NINTENDO SWITCH
Ahmed,NINTENDO WII
Callum,PS2
Byron,XBOX
Burke,XBOX ONE
Aimee,PS4
Cally,PS3
Cailin,XBOX ONE
Aidan,PS3
Burke,NINTENDO WII
Acton,PS2
Cade,XBOX
Alden,NINTENDO WII
Caesar,XBOX ONE
Camden,PS3
Burton,PS
Alan,XBOX
Acton,NINTENDO SWITCH
Cain,PS4
Britanni,XBOX ONE
Aladdin,XBOX 360
Bruno,PS4
Aiko,PS2
Camden,XBOX
Abbot,PC
Aaron,NINTENDO SWITCH
Cairo,PC
Briar,XBOX ONE
Alea,PS2
Bruno,NINTENDO SWITCH
Brynn,PS3
Aladdin,PC
Caleb,NINTENDO WII
Aladdin,XBOX 360
Cadman,PS4
Burton,PS
Bruce,PC
Cailin,PS2
Burton,PS
Byron,PS
Bruno,NINTENDO SWITCH
Ainsley,PS3
Brooke,XBOX ONE
Alea,PS4
Adara,XBOX
Akeem,PS
Abbot,PS4
Alden,NINTENDO SWITCH
Akeem,PS4
Aidan,NINTENDO SWITCH
Britanni,XBOX ONE
Akeem,XBOX ONE
Bryar,PS3
Caleb,XBOX
Briar,PC
Alden,PS4
Abel,NINTENDO SWITCH
Abraham,PS3
Calvin,NINTENDO SWITCH
Ahmed,XBOX
Abbot,NINTENDO SWITCH
Alan,XBOX ONE
Abdul,PS3
Aladdin,PS2
Bruce,PS3
Callum,PS4
Caleb,XBOX
Aiko,NINTENDO WII
Calvin,XBOX
Abbot,XBOX
Caldwell,PS3
Brody,PC
Aileen,XBOX 360
Cairo,XBOX 360
Abraham,NINTENDO SWITCH
Camden,PS2
Bruce,PS
Abbot,XBOX ONE
Britanney,XBOX ONE
Addison,PC
Aladdin,PS3
Brynne,PS
Alan,NINTENDO SWITCH
Callie,PC
Aaron,PS2
Cain,XBOX ONE
Aileen,XBOX 360
Cairo,PS3
Ainsley,PC
Caldwell,NINTENDO WII
Callum,PS
Abbot,PS4
Brody,PC
Adele,NINTENDO SWITCH
Aiko,PS2
Bruce,NINTENDO SWITCH
Aidan,XBOX 360
Alea,NINTENDO WII
Cade,PS2
Cairo,XBOX ONE
Callum,PC
Calvin,NINTENDO WII
Caldwell,PS
Alan,NINTENDO WII
Callum,PS3
Bryar,PS2
Aladdin,PS4
Brody,XBOX
Caleb,PC
Aimee,PS3
Burton,XBOX ONE
Alan,PS3
Calvin,XBOX
Bryar,PC
Abbot,PS
Abbot,PS3
Brielle,NINTENDO WII
Aladdin,PS4
Abdul,XBOX 360
Cain,PC
Cailin,PS3
Alea,PC
Alea,PC
Aileen,NINTENDO WII
Cadman,XBOX ONE
Caleb,XBOX ONE
Alan,PC
Brynne,XBOX ONE
Camden,NINTENDO SWITCH
Brooke,NINTENDO WII
Calvin,NINTENDO SWITCH
Aimee,XBOX
Brody,NINTENDO SWITCH
Aaron,PS4
Cally,NINTENDO SWITCH
Adele,PS4
Brock,XBOX
Cain,XBOX
Alden,XBOX
Abdul,PS2
Aladdin,PS4
Brody,PS4
Aiko,PS3
Adele,PC
Ahmed,XBOX 360
Aidan,XBOX ONE
Burton,XBOX
Burke,PS
Ainsley,XBOX 360
Abraham,PS3
Caleb,PS3
Abraham,NINTENDO WII
Caleb,NINTENDO SWITCH
Alan,PS
Ahmed,NINTENDO WII
Cain,NINTENDO SWITCH
Caesar,PS3
Adele,PS3
Briar,PS3
Brynn,XBOX 360
Caesar,PC
Brody,NINTENDO WII
Alan,NINTENDO SWITCH
Briar,PS3
Aimee,PS2
Addison,PC
Aiko,XBOX 360
Ainsley,NINTENDO WII
Camden,PS
Britanni,XBOX ONE
Brynn,PS
Abdul,XBOX
Akeem,PS4