Gname,Sname
Cade,Lectus Ltd
Aileen,Diam Company
Callum,Donec Porttitor Tellus LLP
Cally,Ac Mattis Limited
Brynn,Commodo Auctor Consulting
Abbot,Lectus Ltd
Calvin,Commodo Auctor Consulting
Aladdin,Et Magnis Dis LLP
Buckminster,Arcu LLC
Cally,Interdum Limited
Callum,Donec Porttitor Tellus LLP
Caleb,Ac Mattis Limited
Bruno,Lectus Ltd
Ainsley,Interdum Limited
Brooke,Ac Mattis Limited
Byron,Commodo Auctor Consulting
Bruce,Commodo Auctor Consulting
Adrienne,Lectus Ltd
Caleb,Lectus Ltd
Caleb,Interdum Limited
Alden,Ac Mattis Limited
Aladdin,Lectus Ltd
Cadman,Ac Mattis Limited
Caldwell,Diam Company
Buckminster,Diam Company
Adara,Lectus Ltd
Caleb,Ac Mattis Limited
Abbot,Commodo Auctor Consulting
Cally,Dapibus Quam Quis Consulting
Abraham,Et Magnis Dis LLP
Brooke,Arcu LLC
Abbot,Commodo Auctor Consulting
Addison,Interdum Limited
Callie,Arcu LLC
Britanni,Ac Mattis Limited
Brielle,Diam Company
Aladdin,Elit Etiam Laoreet Company
Aiko,Dapibus Quam Quis Consulting
Cally,Ac Mattis Limited
Buckminster,Diam Company
Caldwell,Interdum Limited
Callum,Lectus Ltd
Cain,Interdum Limited
Abraham,Elit Etiam Laoreet Company
Abel,Donec Porttitor Tellus LLP
Adara,Diam Company
Caleb,Lectus Ltd
Caleb,Commodo Auctor Consulting
Bruno,Diam Company
Adrian,Lectus Ltd
Akeem,Dapibus Quam Quis Consulting
Aileen,Arcu LLC
Burke,Elit Etiam Laoreet Company
Cairo,Interdum Limited
Adele,Elit Etiam Laoreet Company
Brody,Commodo Auctor Consulting
Burke,Interdum Limited
Caleb,Diam Company
Brooke,Arcu LLC
Briar,Interdum Limited
Bruce,Commodo Auctor Consulting
Britanney,Elit Etiam Laoreet Company
Cadman,Elit Etiam Laoreet Company
Bryar,Interdum Limited
Caldwell,Elit Etiam Laoreet Company
Aiko,Arcu LLC
Aaron,Elit Etiam Laoreet Company
Britanney,Lectus Ltd
Britanni,Commodo Auctor Consulting
Alea,Arcu LLC
Adrienne,Commodo Auctor Consulting
Adele,Interdum Limited
Callum,Donec Porttitor Tellus LLP
Acton,Et Magnis Dis LLP
Byron,Diam Company
Camden,Lectus Ltd
Briar,Ac Mattis Limited
Acton,Et Magnis Dis LLP
Caesar,Lectus Ltd
Callie,Commodo Auctor Consulting
Ainsley,Ac Mattis Limited
Buckminster,Arcu LLC
Burton,Et Magnis Dis LLP
Brody,Arcu LLC
Abel,Et Magnis Dis LLP
Adrian,Ac Mattis Limited
Acton,Interdum Limited
Camden,Ac Mattis Limited
Brielle,Commodo Auctor Consulting
Acton,Donec Porttitor Tellus LLP
Ainsley,Dapibus Quam Quis Consulting
Burton,Et Magnis Dis LLP
Cain,Arcu LLC
Aladdin,Ac Mattis Limited
Cailin,Dapibus Quam Quis Consulting
Bruno,Elit Etiam Laoreet Company
Alea,Interdum Limited
Britanney,Interdum Limited
Abel,Interdum Limited
Ahmed,Donec Porttitor Tellus LLP
Brynne,Elit Etiam Laoreet Company
Aiko,Elit Etiam Laoreet Company
Bruce,Et Magnis Dis LLP
Caesar,Donec Porttitor Tellus LLP
Caesar,Lectus Ltd
Alan,Lectus Ltd
Calvin,Dapibus Quam Quis Consulting
Caleb,Interdum Limited
Bruce,Et Magnis Dis LLP
Ahmed,Et Magnis Dis LLP
Adara,Diam Company
Caesar,Interdum Limited
Callum,Lectus Ltd
Aidan,Et Magnis Dis LLP
Brody,Lectus Ltd
Britanni,Dapibus Quam Quis Consulting
Aladdin,Arcu LLC
Burke,Elit Etiam Laoreet Company
Britanni,Commodo Auctor Consulting
Camden,Elit Etiam Laoreet Company
Abraham,Commodo Auctor Consulting
Caleb,Elit Etiam Laoreet Company
Bryar,Et Magnis Dis LLP
Aimee,Donec Porttitor Tellus LLP
Briar,Commodo Auctor Consulting
Aladdin,Donec Porttitor Tellus LLP
Brody,Ac Mattis Limited
Burke,Lectus Ltd
Cairo,Interdum Limited
Cade,Diam Company
Byron,Donec Porttitor Tellus LLP
Britanney,Interdum Limited
Aaron,Et Magnis Dis LLP
Buckminster,Commodo Auctor Consulting
Britanni,Donec Porttitor Tellus LLP
Brynn,Donec Porttitor Tellus LLP
Adara,Dapibus Quam Quis Consulting
Adrienne,Commodo Auctor Consulting
Aiko,Commodo Auctor Consulting
Brynne,Dapibus Quam Quis Consulting
Alden,Dapibus Quam Quis Consulting
Adara,Lectus Ltd
Cade,Et Magnis Dis LLP
Britanney,Commodo Auctor Consulting
Aimee,Diam Company
Brody,Donec Porttitor Tellus LLP
Britanney,Elit Etiam Laoreet Company
Bryar,Lectus Ltd
Aidan,Ac Mattis Limited
Acton,Donec Porttitor Tellus LLP
Brielle,Lectus Ltd
Cadman,Interdum Limited
Bruce,Ac Mattis Limited
Cain,Ac Mattis Limited
Callie,Lectus Ltd
Brody,Lectus Ltd
Brody,Et Magnis Dis LLP
Aileen,Commodo Auctor Consulting
Alan,Elit Etiam Laoreet Company
Brynne,Donec Porttitor Tellus LLP
Adara,Commodo Auctor Consulting
Adele,Elit Etiam Laoreet Company
Bruce,Dapibus Quam Quis Consulting
Abraham,Diam Company
Abraham,Donec Porttitor Tellus LLP
Caldwell,Diam Company
Britanney,Et Magnis Dis LLP
Buckminster,Ac Mattis Limited
Adara,Elit Etiam Laoreet Company
Adrian,Diam Company
Caesar,Et Magnis Dis LLP
Adele,Lectus Ltd
Caleb,Lectus Ltd
Adrienne,Elit Etiam Laoreet Company
Bruno,Lectus Ltd
Aidan,Arcu LLC
Aileen,Elit Etiam Laoreet Company
Akeem,Dapibus Quam Quis Consulting
Brody,Commodo Auctor Consulting
Callum,Ac Mattis Limited
Briar,Commodo Auctor Consulting
Brock,Elit Etiam Laoreet Company
Cairo,Interdum Limited
Adara,Arcu LLC
Alden,Dapibus Quam Quis Consulting
Acton,Et Magnis Dis LLP
Adara,Arcu LLC
Caleb,Diam Company
Brock,Interdum Limited
Ainsley,Donec Porttitor Tellus LLP
Caleb,Commodo Auctor Consulting
Aimee,Lectus Ltd
Ainsley,Commodo Auctor Consulting
Camden,Ac Mattis Limited
Ahmed,Arcu LLC
Brynne,Lectus Ltd
Britanni,Arcu LLC
Alden,Diam Company
Adrian,Diam Company
Britanni,Lectus Ltd