SSN,Cname,Age,Gender
228650986,Mara Marquez,48,F
948568879,Neville Mcclain,28,F
432773675,Celeste Padilla,66,F
154779089,Blythe Alvarado,64,M
771852134,Cara Wagner,31,F
480279908,Amela Cline,58,M
370804907,Grant Stephens,16,M
235434705,Elijah Osborn,18,M
427952802,Melyssa Phillips,33,F
308352314,Edward Knox,18,F
811814007,Ginger Pitts,69,M
331724811,Nehru Mitchell,39,F
506384781,Robin Manning,76,F
825394602,Martin Benjamin,74,M
811448574,Laura Cherry,24,F
100145628,Quinn Jordan,77,M
135325877,Phyllis Sharp,12,M
513525701,Charity Herrera,22,M
299901363,Brooke Wilkins,30,M
464520431,Haviva Herrera,65,M
482684477,Lawrence David,31,F
585551166,Victor Finley,38,F
812248083,Carly Pena,50,F
404723952,Remedios Elliott,30,M
142261430,Lenore Randall,62,M
538671162,Riley Schultz,54,F
557347763,Xanthus Franklin,17,F
408062731,Sylvester Williams,70,M
322247175,Scarlet Graves,47,M
300377726,Cassidy Carpenter,55,M
665113177,Igor Erickson,76,M
789868360,Boris Weeks,74,M
894484473,Theodore Kim,64,M
239368911,Ivan Mcintyre,24,M
470567607,Celeste Morrison,73,F
852713567,Hakeem Lowery,64,F
211411730,Nash Molina,19,M
420825294,Finn Grant,45,M
404929205,Xyla Fox,65,M
765990904,Vladimir Mitchell,55,M
303922854,Macon Glass,61,F
344759313,Kiona Norris,31,F
186935444,Odette Rios,15,F
835835461,Dana Parker,78,M
729147619,Tarik Medina,14,F
117085300,Shelley Valenzuela,70,F
416499698,Brittany Cameron,74,F
250701668,Yoshio Ware,53,M
303333161,Raja Black,36,M
498806547,Mallory Mckee,67,M
903973117,Chandler Tyler,69,M
358313330,Florence Green,55,F
391852009,Wynne Patrick,46,M
773955626,Brendan Lara,49,M
306671497,Alice Shepard,12,M
240950183,Medge Sanders,60,M
351426928,Kieran Mcneil,30,F
737641412,Alden Sexton,45,F
245743902,Courtney Chandler,57,F
941207500,Cameron Kennedy,23,M
883863767,Ahmed Drake,41,F
599244179,Rae Moore,72,F
451356053,Carter Duffy,40,M
849778517,Faith Bean,68,F
912970134,Maisie Ryan,34,F
377430002,Althea Ruiz,21,M
989636322,Iola Burke,21,F
573217174,Latifah Cardenas,54,M
473574515,Plato Foreman,33,M
739071471,Blaze Stephens,19,M
429123197,Timothy Adkins,23,F
555474353,Darius Ratliff,78,M
848095866,Reece Cain,63,M
251764399,Hadassah Dickerson,35,M
751011625,Ann House,13,M
957937661,Jordan Bradshaw,59,F
506509802,Liberty Carter,69,M
356474237,Russell Middleton,55,M
880841595,Dominique Franks,42,F
147266791,Ayanna Marsh,39,M
538728946,Daria Myers,75,F
422367334,Illana Mccall,28,M
818091140,Kuame Berry,31,M
524042327,Colby Harmon,74,F
871728418,Abel Hogan,21,F
776390731,Cole Callahan,46,F
334222572,Lucas Cruz,12,M
117587866,Eagan Delaney,48,F
109396991,Kaye Sanchez,25,M
533695443,Melyssa Oliver,14,F
168667171,Slade Torres,50,F
891162098,Fallon Patterson,17,M
428807920,Deborah Vega,18,M
542808901,Sloane Stuart,49,M
899807713,Raymond Richardson,64,M
974418745,Ferdinand Byrd,31,M
371441912,Henry Rosa,33,M
665402664,Maxwell Burnett,50,M
345878327,Benedict Harris,56,M
739610223,Orson Bowers,69,F
951077253,Ciaran Alvarado,53,F
599444854,Lael Beasley,26,M
469227989,Jermaine Armstrong,61,F
852189341,Charlotte Lang,39,M
826274931,Evan Charles,65,M
688261913,Barclay Lang,20,F
163238651,Iola Shepard,26,F
273724558,Jerry Heath,24,F
771772516,Elvis Petersen,14,F
649382912,Eugenia Moran,69,M
725530190,Kennedy Berg,15,M
243370560,Iona Daniels,70,M
309462345,Bertha Hogan,72,F
979894242,Stacey Langley,36,M
468820539,Tate Cole,75,F
213430053,Rafael Clarke,80,M
393648127,Yoshio Dotson,52,M
838163141,Pearl Bennett,23,F
236906154,Irma Velasquez,27,M
833366578,Elliott Gray,52,M
106691034,Heather Carlson,54,M
424373313,Donovan Palmer,62,M
471318136,Timon Fleming,34,M
203419985,Yolanda Johnson,24,M
850089058,Arsenio Hickman,37,M
300895324,Benedict Cooper,20,M
242048752,Zahir Castaneda,54,M
225043354,Orlando Wells,43,M
695909489,Caldwell Peck,46,M
164895841,James Summers,23,M
955234379,Luke Delacruz,34,F
166189624,Ifeoma Martin,75,M
234663581,Mohammad Terrell,21,F
626569403,Wendy Mcintyre,56,F
237120146,Scarlet Witt,76,M
277709890,Ferdinand Jacobson,32,M
212865229,Austin Mullins,76,M
311978775,Kevyn Galloway,61,M
527513118,Alec Brown,69,M
285477767,Malik Jackson,33,F
997311942,Vernon Rivas,71,M
276065107,Sasha May,34,M
959708210,Quon Snider,67,F
115676906,Clarke Pacheco,79,M
383524019,Haviva Clay,34,F
639954470,Nelle Collins,51,F
904393257,Ivor Cabrera,25,F
178409505,Sylvester Simpson,75,F
139881501,Jamal Cook,78,F
192541342,Robert George,31,F
695055407,Hayley Cooley,57,F
387982773,Clarke Blankenship,51,F
638108054,Gavin Boyle,18,M
938947595,Teagan Levy,44,M
583893228,Cruz Cherry,22,F
491987207,Malachi Rodriquez,60,M
405992112,Irene Mathews,38,M
956761760,Joshua Maynard,65,M
658976945,Shellie Romero,42,F
965049711,Blossom Sloan,51,F
199909192,Kato Howard,53,F
612492041,Harrison Gallagher,70,M
376151520,Alvin Watson,52,F
387150514,Jameson Howe,31,M
900899189,Elijah Sherman,31,M
835823771,Xavier Fitzgerald,24,F
538945091,Roary Collins,54,F
122778875,Fuller Bell,42,M
171846634,Clio Bright,53,M
557105793,Selma Cameron,67,F
204659044,Bree Justice,30,M
153690323,Cailin Russo,62,M
735519723,Hashim Golden,61,F
609106881,Jack Bradford,60,F
976694707,Todd Potter,14,M
370907329,Jacqueline Welch,37,M
947838591,Macon West,65,F
137523304,Brian Cook,78,F
495248221,Candace Macias,70,F
357286549,Guinevere Bradshaw,64,M
585483015,Grady Parrish,28,F
667354372,Hop Oneil,59,F
502390934,Maile Garrett,77,M
992484713,Cade Irwin,60,F
633909156,Adara James,21,M
293841210,Sebastian Weber,70,F
685272337,Gail Burnett,75,M
235277720,Ferris Alford,75,M
183655639,Guy Benson,12,F
487893154,Kylee Watkins,16,F
949174048,Casey Moody,39,F
196906267,Aphrodite Compton,31,M
887111803,Mariam Drake,14,M
719095006,Igor Weaver,60,F
431267473,Kareem Wade,75,F
582877441,Britanney Anderson,57,M
307196501,Ivor Nieves,43,F
563642421,Fitzgerald Ross,55,M
891278177,Sydney Sosa,41,M
345608036,Fleur Alvarado,12,F
840802181,Igor Boyle,14,F
141933688,Wynter Whitley,80,F
497419496,Danielle Finch,16,F
193635753,Alec England,51,F
409905114,Zia Barr,31,M
908535079,Rigel Oneal,45,M
373310040,Kieran Hart,54,M
918791669,Adele Bennett,67,F
437207516,Keith Brock,35,F
819731291,Berk Horn,54,M
114002087,Preston Robertson,48,M
488613295,Ramona Griffith,59,M
598498300,April Valdez,30,F
282652011,Gannon Hess,29,M
610083410,Ariel Cox,43,F
334122039,Steel Cook,27,M
581424560,Gavin Finch,17,F
546886625,Britanney Munoz,67,F
674291461,Hector Gilliam,12,F
483832354,Ursa Huber,69,M
190400468,Kelly Rivers,15,M
371714624,Malachi Warner,43,F
377189552,Abigail Hutchinson,80,M
724971221,Mercedes Hurst,59,F
732244354,Susan Baker,40,M
230128903,Guinevere Cline,70,F
546844178,Quamar Snow,30,F
316228237,Camilla Mckenzie,70,M
867220049,Hayden Compton,60,F
428420229,Riley Bullock,35,M
770629989,Paki Cunningham,48,M
804628948,Fitzgerald Carpenter,23,M
651561911,Hadassah Beach,17,F
504750150,Emerson Foreman,73,F
492617663,Jerry Middleton,48,F
101025212,Donna Larsen,20,M
473441326,Myles Holt,17,M
352729521,Adele Byers,33,M
630052603,Melinda Frazier,39,F
177334407,Xena Pruitt,41,F
228154881,Illiana Simon,21,M
944484540,Nathan Tillman,63,F
823365826,Lucas Emerson,27,F
483921190,Jenette Villarreal,41,M
783039753,Thaddeus Walter,70,M
350830462,Naida Bradshaw,29,F
542716858,Paul Cannon,71,F
945301558,Raya Hunt,36,F
417793734,Hamish Vega,38,M
961792988,MacKenzie Castillo,46,F
821867376,Amena Trujillo,77,M
360524049,Tobias Anderson,72,F
204104979,Carol Wells,21,M
603298823,Flynn Wallace,78,M
837303891,Leila Prince,72,F
736045048,Barry Parks,75,M
114690889,Chaim Carver,56,M
464005232,Lawrence Dale,77,F
269338060,Zachary Mcmahon,55,F
273999284,Veronica Blake,31,F
965943507,Ulric Estes,72,F
477502243,Felicia Ballard,63,F
756011216,Armando Dunn,56,F
538246957,Clarke Vang,64,F
235584741,Sebastian Rojas,48,F
263457099,Joelle Oneal,77,F
737756244,Magee Schwartz,77,F
970172734,Hadley Knight,71,F
888368372,Tana Woods,68,F
130671141,Brady Hinton,14,M
760776844,Jenette Deleon,62,M
853606650,Jena Orr,20,M
993882863,Scarlet Downs,37,M
905180758,Shay Short,37,M
600609613,Basil Gonzalez,46,F
354033435,Eric Whitley,76,M
360332323,Shad Justice,55,F
728757563,Elizabeth Meyers,51,M
783397021,Tasha Carney,20,M
243085632,Yoshio Dawson,59,M
479318001,Sloane Hardin,60,F
987070138,Kai Graves,60,M
951078250,Phelan Gomez,63,M
862385720,Tobias Mathis,18,M
347070949,May Mcintosh,32,F
196838794,Owen Mueller,70,F
203837421,Rebekah Walton,27,F
640144866,Olivia Harmon,70,F
865557907,Prescott Stewart,76,M
265233893,Ingrid Gates,32,M
910590261,MacKensie Rocha,26,F
819872445,Nathaniel Gallagher,13,M
692976979,Miriam Walton,61,M
442703322,Althea Sharpe,58,F
985240815,Colton Walker,55,F
130942371,Tiger Campbell,37,F
864646779,Yuli Jordan,49,M
722470986,Lyle Baker,69,M
467543953,Honorato Dudley,47,F
234220733,Charissa Petersen,61,M
572129538,Abbot Bartlett,47,F
288403944,Addison Collier,57,M
375550889,Reese Ewing,70,F
288497383,Rinah Vega,31,F
947204176,Lana Bright,40,M
318147210,Kadeem Dyer,38,M
511651395,Teegan Hawkins,43,M
676539881,Kermit Page,56,F
439345733,Neve Fuentes,37,F
356181372,Camilla Potts,37,F
669632773,Uriel Mcclure,69,M
982032408,Mohammad Guy,61,F
333853906,Thor Andrews,50,F
206278332,Stephen Vinson,22,M
693286332,Nolan Gay,49,F
706722455,Dai Bauer,28,F
337697529,Aphrodite Smith,64,M
424229433,Noel Foster,29,M
961335473,Halla Glover,57,F
151348698,Cora Ewing,66,F
652723997,Kieran Terrell,66,F
759423449,Elijah Byers,25,M
829344450,Wynter Crosby,68,F
492645592,Heather Mathis,29,M
225602525,Hilel Callahan,33,F
271998445,Quail Campbell,59,M
175214423,Raya Wolfe,67,M
377748280,Elaine Frederick,49,M
461580214,Garrett Gomez,77,M
859278040,Nissim James,36,F
910688038,Blake Mejia,42,M
244249450,Lavinia Hale,61,M
503436561,Daquan Murphy,15,F
270934811,Hunter Jones,52,M
521408993,Alan Arnold,64,M
743804402,Indira Wilcox,52,M
613759235,Tad Morton,24,M
467881175,Denton Larson,58,M
310094416,Leila Camacho,23,M
819413176,Tobias Mcclure,18,M
149328763,Dawn Houston,59,M
369500258,Caryn Castro,12,M
456801495,Eden Dejesus,23,F
822894063,Colin Ryan,63,F
514189442,Jocelyn Dennis,80,F
198116030,Ira Avery,49,F
190104559,Lani Vaughan,23,F
284383631,Wylie Wilkins,46,F
461406021,Deirdre Carter,65,M
699049201,Hilda Buchanan,22,M
111085883,Acton Thompson,17,M
463970645,Trevor Faulkner,40,F
710539179,Lionel Garcia,55,M
208099977,Laith Hughes,38,F
892072894,Melissa Potter,47,M
353885103,Beau Zimmerman,55,M
672181294,Yuli Barnett,27,M
220233991,Hilel Graves,39,M
493297033,Ulysses Dixon,24,M
923440305,Eleanor Nicholson,20,F
201835842,Isabelle Burke,20,F
439924518,Kennedy Harris,52,F
870119319,Helen Berry,39,F
687347721,Kalia Horn,78,F
564935914,Jayme Drake,39,F
881985823,Dante Hays,33,M
514879296,Tobias Frazier,57,M
288800276,Drake Dean,35,M
500263768,Kay Yates,39,M
822161317,Regan Glass,21,M
331960209,Lyle Hill,56,M
383325970,Callie Gray,66,M
895697458,Mason Kent,55,F
722489472,Lara Figueroa,53,M
824478610,Molly Fernandez,50,M
613695316,Nehru Strong,57,M
393955665,Keane Rich,78,F
230554638,Karyn Workman,36,M
208482888,William Reese,39,M
176255416,Amber Lindsey,37,F
507489712,Mona Mcmahon,12,M
658204715,Brynne Hernandez,74,M
454892258,Eden Sanders,79,F
546770006,Francesca Dickson,14,F
265903844,Bo Madden,21,M
244824270,Veronica Bentley,71,M
385104025,Callum Rich,67,F
193262430,Lunea Holden,18,M
714588107,Coby Sellers,39,M
484915502,Gannon Garrison,15,M
915183594,Aurelia Macias,14,M
370724646,Darius Smith,58,M
413299504,Jana Frye,22,F
145420335,Tanner Gibson,72,F
460222860,Chiquita Palmer,38,M
137154735,Nelle Sellers,28,M
414323405,Kylee Calderon,69,F
977191720,Autumn Greer,45,M
522178568,Elaine Cash,77,M
854086279,Rudyard Dillard,50,M
801159727,Jakeem Carrillo,48,F
706883551,Kane Wooten,24,F
600157826,Dacey Payne,47,F
752967816,Cameran Merritt,17,F
744533068,Melvin Good,24,F
525216508,Mikayla Guerrero,13,M
250642202,Mufutau May,28,F
992044347,Ifeoma Owens,19,F
617052481,Wylie Clemons,19,M
766328612,Tanek Shields,45,F
360997884,Caldwell Cain,52,F
502061774,Zeph Atkinson,51,F
813050745,Madeson Hobbs,75,M
172781771,David Fleming,77,F
736486874,Dolan Odom,35,F
235919548,Akeem Cummings,15,F
926147028,Kane Wallace,45,F
268127954,Octavius White,26,M
587248940,Aiko Wynn,71,M
909745978,Georgia Gonzales,12,F
364046734,Heidi Evans,19,F
641830619,Lillian Perry,39,M
242950881,Rose Rogers,38,M
727970850,Dustin Carter,60,M
114204906,Kristen Lamb,43,M
689373972,Erica Whitfield,77,M
312035821,Barrett Decker,68,F
676548649,Leilani Hooper,23,M
181985241,Jacqueline Collins,27,F
347174213,Nora Yang,12,F
138330436,Ray Shepherd,48,F
789377002,Natalie Coleman,26,M
115869077,Tatiana Joseph,62,F
494532017,Nerea Franklin,68,F
638450705,Brittany Joyce,30,F
226955401,Daphne Hendrix,46,M
307734364,Roanna Lyons,16,M
484335392,Carla Vargas,65,F
491430958,Darius Dale,58,M
351442573,Drew Abbott,43,M
592312437,Britanney Carr,53,F
778092538,Sigourney Lancaster,32,F
315002436,Buffy Griffith,13,M
385767124,Shafira Lawson,25,M
712598486,Isabelle Perry,61,M
224883013,Nolan Bradley,16,F
383110916,Buffy Vinson,55,F
192533415,Edward Brock,64,F
837126050,Lisandra Holland,28,M
453512669,Barclay Meyers,35,F
993469843,Kellie Parker,68,F
848767821,Irma Cantu,45,F
896031583,Walter Shelton,38,M
832085560,Stewart Martinez,74,F
173602522,Thane Lawson,74,F
865549901,Mohammad Rivera,45,M
185205069,Russell Schwartz,14,M
887836758,Hiram Joseph,77,M
233895986,Raphael Hurley,41,F
567244376,Kelsey Montoya,33,F
574005207,Alexandra Shannon,62,M
538498826,Giacomo Douglas,80,M
626066424,Scarlett Richards,61,M
207965593,Abraham Wagner,48,M
692054674,Benjamin Gomez,49,F
550889334,Yolanda Myers,41,M
716743662,Teegan Clemons,69,M
559580401,Rhiannon Acevedo,32,M
642376547,Yolanda Mcknight,67,M
734179262,Gwendolyn Lynn,49,F
658554965,Dominique Gonzales,62,F
297917093,Vanna Barker,67,F
370465594,Jolie Carroll,49,M
325602937,Beatrice Zamora,46,F
115668612,Zenia Dalton,36,M
191654718,Christine Hood,17,F
683749516,Joseph May,69,F
957443164,Nola Jimenez,53,F
782721767,Cedric Castaneda,29,F
549676093,Ivory Figueroa,72,F
393109136,Kane Watts,19,F
114135212,Acton Reeves,27,F
744339558,Carly Bray,43,F
907193056,Calista Dickerson,21,M
540634684,Victoria Shepard,17,F
134465999,Yuli Stone,51,M
584025988,Miranda Hull,69,F
705648680,Hayley Craig,45,F
292445877,Zeph Parrish,21,F
526670627,Uta Cortez,80,M
456138895,Kyle Cervantes,12,F
915906597,Lev Cleveland,43,M
129597077,Carolyn Wilson,28,F
189583626,Colleen Benjamin,56,F
316226460,Evelyn Roman,78,M
276412501,Porter Chan,21,F
817507930,Blair Ellis,18,F
976276329,Deirdre Craig,57,F
164132966,Uriah Dotson,30,F
453642887,Nasim Guerrero,72,M
185314755,Jenette Roman,73,M
972277268,Darryl Bowers,68,M
223057328,Kyra Mayo,74,F
599419945,Piper Whitney,13,F
759399105,Quynn Hopper,21,F
342107974,Petra Alexander,14,F
304968431,Alisa Dunn,73,F
677996462,Craig Stewart,57,M
489422257,Sarah House,32,F
612343215,Veda Carpenter,44,M
766526673,Lenore Burgess,20,M
311986933,Isabelle Castillo,37,F
892685228,Rylee Lucas,56,F
858133534,Naida Prince,79,F
279909292,Drake Scott,62,F
656411357,Robert Wright,51,M
988524213,Victoria Hodges,79,M
947391650,Demetrius Cortez,31,M
187402007,Prescott Summers,73,M
224025727,Emily Hutchinson,38,M
296495891,Maile Holmes,80,M
539061391,Sebastian Spence,18,F
539654447,Hu French,37,M
635019568,Molly Evans,33,M
527157084,Benedict Ross,16,M
661517553,Cameron Mcmillan,78,F
442431431,Sopoline Moore,80,F
285649576,Jada Warren,62,M
285258555,Amal Christensen,35,M
339544231,Lester Payne,18,M
708636470,Francesca Rhodes,78,M
734357244,Wilma Hernandez,36,F
329197038,Ignatius Garrison,62,M
586576936,Mariam Ingram,69,M
475464738,Elijah Quinn,39,F
494433651,Linda Wilder,75,M
903120896,Kelsie Landry,63,M
819504998,Maisie West,28,M
914783091,Axel Osborn,41,F
518179525,Lane White,77,F
712732277,Lee Molina,51,M
878384292,Jade Higgins,68,F
512691206,Yetta Brown,18,F
110942894,Kennan Abbott,46,M
555214586,Joseph Ellis,51,F
742995351,Xanthus Small,42,M
603785753,Rajah Bradshaw,31,F
775540606,Dominic Phillips,44,F
795686856,Dale Soto,55,F
226711004,Signe Frank,66,F
985934628,Maris Lane,41,F
745417531,Sybil Mcbride,64,M
799051224,Nigel Pollard,74,M
401461259,Ruth Atkinson,70,M
451728287,Moses Christensen,80,M
349528552,Madeson Sharp,14,F
420129441,Kirestin Landry,73,M
295050862,Justina Hahn,34,F
220478699,Jacob Buckner,35,M
149815637,Nola Strong,36,F
721363969,Gillian Pennington,21,F
928175771,Daria Russell,80,M
425981499,Jordan Dixon,31,M
812658384,Iona Marsh,57,M
730621533,Hasad Kaufman,69,F
609360917,Rae Vinson,67,M
195915015,Eric Harrison,38,M
892265419,Anjolie Booker,77,F
933153799,Len Wooten,43,M
687118189,Ross Bowman,32,F
632304460,Wyoming Stark,57,F
641402526,Serina Blanchard,43,F
860760062,Emma Wilkerson,58,F
126143950,Wynne Rollins,50,M
253205877,Walker Vinson,78,M
351746667,Dahlia Puckett,30,M
201777823,Beverly Miranda,76,F
236269423,Elijah Griffith,51,F
960987056,Yasir Fowler,15,F
297095651,Eve Tillman,16,M
947150645,Judith Fulton,15,F
118446573,Dexter Buckley,63,F
236842904,Keith Lynch,66,F
378324964,MacKenzie Andrews,33,M
409559644,Heather Bullock,12,M
698758283,Cooper Terry,18,F
529531546,Brennan Whitney,79,F
601331994,Malachi Mooney,68,M
213481439,Adrian Kane,62,M
845954575,Geoffrey Wilder,27,M
344792768,Caryn Barry,69,F
844294123,Colin Gould,67,M
248481478,Nissim Cline,45,M
125043468,Cadman Hale,43,M
776525547,Winifred Oliver,59,M
688997119,Ila Dodson,36,M
316496472,Len Marsh,55,F
127101648,Lucius Hoover,15,M
916778243,Kevin Cameron,23,M
395623858,Rajah Frank,31,F
868937307,Arsenio Neal,27,M
869808695,Hayden Kidd,34,F
926892997,Dane Camacho,72,F
153681630,Angela Ward,76,F
998131488,Vanna Miles,74,M
142578647,Quinlan Clay,26,F
156815369,Josiah Farley,14,F
938667435,Rooney Coffey,12,M
154145858,Phyllis Hardin,66,F
262471287,Ciara Horton,64,F
161735627,Neil Hurst,64,M
317642360,Jana Owen,21,M
239114885,Cathleen Clayton,61,F
897387155,Nelle Singleton,75,M
474876458,Nissim Moran,42,F
496366466,Bert Delacruz,80,M
869700602,Cullen Campbell,77,F
850546338,Paula Pitts,14,F
838784259,Lillith Logan,71,F
914507634,Demetria Boyer,48,M
454830508,George Manning,34,F
265784061,Sheila Hammond,54,F
675960178,Fulton Cotton,25,M
609468047,Cassidy Drake,50,M
575901687,Amery Logan,12,F
958842027,Geoffrey Atkins,34,F
334589584,Tanek Mosley,72,M
477495633,Lyle Hale,28,F
440657503,Ignatius Lott,22,F
535256134,Cullen Travis,53,M
115282529,Laith Fitzpatrick,36,M
134368587,David Estes,60,M
204497504,Daniel Oliver,59,M
528136078,Aubrey Shepherd,40,M
897820496,Jamal Lane,80,F
332356685,Kamal Adkins,54,M
576266842,Clinton Dickson,50,F
417136127,Lysandra White,44,M
294316126,Ian Moreno,76,M
788128190,Xander Battle,68,F
799861358,Bruno Dunlap,46,M
883380575,Isaiah Newton,15,F
505215445,Deacon Salinas,52,M
444495152,Herrod Young,13,F
775979927,Conan Vaughn,67,F
751056613,Curran Ramsey,64,F
173314968,Caryn Mcconnell,27,M
827639843,Yen Meyer,64,F
325247489,Clarke Gutierrez,73,M
519252748,Ursa Manning,26,F
580109614,Halla Stark,16,F
504049825,Jakeem Brennan,31,F
634491562,Ulric Best,27,M
848067561,Thane Hood,80,F
645611045,Calista Britt,62,M
176656069,Rebecca Cameron,50,F
873093704,Driscoll Hurley,65,M
962878279,Sylvester Adams,72,M
319097587,Abraham Mccullough,47,M
368867334,Scarlet Wright,39,M
530661864,Britanney Davenport,23,M
540410112,Nerea Mcbride,61,F
882724719,Amos Mckay,12,M
705815185,Desiree Spence,72,F
400754608,Amir Sawyer,71,F
519450962,Palmer Stafford,25,F
726855963,Bryar Guy,46,F
414768201,Emmanuel May,55,F
549704769,Russell Morgan,77,M
976828627,Kamal Ballard,36,M
782384708,Geoffrey Berg,65,F
452767754,Baker Pickett,20,F
854021687,Mark Bray,28,M
449948381,Mechelle Guerra,18,F
616888355,Dorian Marshall,73,M
435682206,Raja Munoz,65,M
959727987,Dominic Marks,54,F
348312582,Michelle Wong,76,M
818540670,Hu Gordon,23,F
299513085,Troy Gonzalez,39,M
686428036,Clark Bonner,38,F
902863510,Nichole Gallegos,34,M
710756538,Clinton Petty,77,M
751890032,Isaiah Alvarado,15,M
643860903,Maisie Nguyen,32,M
179060239,Amir Pate,71,M
732979517,Amena Sanders,32,F
931340112,Harriet Strickland,25,M
136503632,Danielle Benson,44,M
950152613,Noble Edwards,38,M
574294546,Perry Greer,58,F
954764289,Cooper Mcguire,20,F
961012105,Clinton Cummings,62,M
814595255,Illiana Pitts,27,F
289629329,Zenia Sanders,79,M
310312276,Gisela King,69,M
624839531,Fredericka Norris,66,F
606547470,Lana Mitchell,72,M
173560979,Edward Smith,24,M
947537194,Madeson Hodges,51,M
479703234,Brock Bright,26,M
294685875,Elvis House,70,F
301750678,Amir Hudson,28,F
981330614,Regina Rocha,32,M
751623716,Quentin Mccormick,43,F
618130825,Mona Mcknight,73,M
576652069,Allen Banks,47,M
539410104,Upton Carrillo,66,M
131228439,Cassady Fischer,63,F
733473168,Olympia Valenzuela,50,M
547308967,Barry Gibbs,57,M
434095272,Lacota Potter,47,F
809537388,Jane Ratliff,74,M
425337417,Bethany Bean,65,F
661347163,Mufutau Mcpherson,20,F
684837245,Keelie Boone,27,M
510241412,Vance Quinn,75,F
316746655,Curran Ballard,22,F
479853177,Akeem Wilson,68,F
843110879,Kaseem Trevino,57,F
714828844,Zachery English,73,M
342111268,Britanney Dillard,36,F
702843134,Phyllis Rowe,57,F
129410359,Bruno Holman,30,M
284437075,Phyllis Hicks,19,M
365365109,Porter Hunter,46,M
509654569,Hedda Pugh,38,F
776154475,Carson Gould,71,M
770338492,Keefe Norman,44,M
792671063,Ella Kane,58,M
270898505,Ferris Scott,25,F
429115212,Gannon Branch,44,M
213529398,Isaac Cotton,72,M
638868872,Mohammad Walsh,22,M
719319573,Elliott Snyder,69,F
182558128,Xerxes Oneal,17,F
995931874,Marvin Kline,56,M
129209472,Lev Fernandez,42,M
267170407,Emi Vargas,41,M
702599401,Dante Stone,74,F
720285175,Sylvia Sparks,62,F
935971063,Brett Frazier,14,F
756925576,Jessamine Taylor,40,F
151786572,Noelle Greene,41,F
945288754,Kathleen Castillo,16,M
497381217,Quincy Gallegos,47,M
763663729,Donovan Floyd,67,M
199260662,Quentin Malone,26,F
501054164,Hiram Lang,74,F
632540810,Natalie Snow,40,M
911930130,Zelda Woodard,33,F
486337233,Adam Brock,26,F
111787479,Brent Owen,61,F
195638502,Kasper Baker,71,M
680736412,Alden Dalton,34,M
116870528,Naida Fernandez,57,M
681553873,Signe Lawson,46,M
382631783,Wyatt Nguyen,15,M
350023412,Kylynn Waters,75,M
985554203,Quynn Campos,21,F
333995285,Justin Tucker,62,M
724572975,Macey Stevenson,51,F
504775238,Lillian Clayton,21,M
983509554,Idola Oconnor,22,M
138568562,Destiny Walker,27,M
433006420,Paki James,59,M
560112196,Thor Bowman,55,M
852603897,Shelly Randall,51,M
305747264,Thomas Solis,78,M
690923985,Ignatius Adams,73,M
288086355,Clementine Ashley,22,M
774411341,Knox Espinoza,36,M
285999489,Alec Bryan,72,F
870260861,Venus Hodge,48,M
829002962,Teagan Gaines,39,F
765195206,Chanda Howe,29,M
180971425,Victor Joyner,44,M
171770351,Quail Riggs,40,M
316608359,Perry Holder,78,F
784385859,Nola Garrett,29,F
318441095,Ariana Hunter,31,M
858367835,Sophia Booker,80,F
537607069,Tad Fisher,72,F
569235676,Joy Roth,12,F
853832287,Maite Stanton,12,F
661211290,Jaden Huber,28,F
458604506,Cairo Baldwin,17,F
632259666,Guinevere Schultz,64,M
659953885,Shafira Cote,25,M
706092177,Ulla Wood,47,M
899163706,Tara Lowe,54,F
519260453,Thane Hammond,39,M
222493544,Tamekah Mcdowell,54,F
614277466,Hope Taylor,59,M
359143171,Lee Wilkerson,18,M
439893028,Yvette Everett,63,F
479725720,Amy Fox,27,M
956465014,Jackson Hoover,72,M
527334468,Oren Cleveland,50,M
738324983,David Witt,22,F
922816059,Rogan Beard,26,F
205689027,Indira Weaver,30,F
615317293,Yetta Merrill,26,F
740546728,Cruz Clemons,70,F
543727260,Quentin Nixon,69,F
865440115,Vladimir Ewing,34,M
384644343,Macon Norton,67,F
921532087,Deacon Barnett,32,F
568070790,Jessamine Strickland,59,M
222262775,Castor Hernandez,71,M
312333874,Oren Moon,60,F
362875447,Dante Camacho,50,F
984101415,Wendy Gay,77,F
152017085,Jada Stone,38,F
812519915,Palmer Cole,15,M
347091287,Tatiana Wall,21,F
247879598,Colby Bullock,24,M
127535188,Doris Cunningham,70,M
410892357,Hollee Campbell,41,M
312952623,Asher Erickson,21,M
882049406,Barry Franks,49,M
442520089,Rhoda Sellers,20,M
831742485,Ian Miller,74,F
274640475,Zoe Dennis,36,F
758845623,Mannix Miles,77,M
509884871,Prescott Pope,68,M
783909549,Aphrodite Dunn,43,F
642630602,Stone Flores,16,M
638149009,Willow Estrada,13,F
758595330,Mark Simmons,21,M
936079766,Meredith Young,58,F
305739663,Stella Haynes,42,M
260481285,Madeson Green,58,F
471706801,Christian Townsend,39,M
338491820,Ezekiel Barton,14,F
120225616,Raven Robertson,70,F
219510867,Karyn Silva,44,F
494693937,Castor Vang,26,M
919791509,Katelyn Boyer,72,F
678341647,Cairo Green,59,M
565660775,Murphy Murray,25,F
344873245,Dante Poole,71,M
123070394,Elvis Peterson,57,F
133059646,Raya Knox,47,F
194563408,Adrienne Arnold,35,F
864710665,Carla Cooper,29,M
533063395,Seth Mills,28,M
465116961,Evelyn Barber,59,M
575072708,Fletcher Head,69,M
182531098,Xaviera Dickson,43,F
106097536,Merritt Potter,64,F
361795583,Julian Yates,66,M
720554571,Yen Huber,36,F
112444965,Michelle Clayton,34,F
225414411,Yasir Johns,19,M
862239572,Eden Ryan,16,F
153012329,Jescie Cardenas,73,F
927511609,Amber Whitaker,31,F
954712037,Camilla Sutton,51,M
767786303,Lance Arnold,62,M
229243333,Nigel Mcleod,38,M
841755284,Piper Hancock,43,M
694927015,Sydnee Bright,31,M
886826918,Tate Goodman,23,F
340131979,Emerson Coffey,75,F
280770980,Kimberly Goodman,79,M
698897283,Britanni Lowery,39,F
278681107,Blaze Henderson,74,F
444657071,Georgia Hunt,49,M
422694544,Elizabeth Osborne,25,M
252648020,Abraham Patel,58,F
613007397,Linus Carver,55,F
841237154,David Russell,35,F
368123090,Grant Hill,58,F
508001115,Ralph Mcbride,79,M
513480309,Macey Mendez,30,F
966724760,Diana Jensen,33,M
265640110,Venus Allison,51,F
672573048,Ahmed Alston,41,M
327638659,Farrah Mcdowell,76,F
183015307,Cally Bryan,29,M
872473170,Adria Odom,46,F
599697981,Jacqueline Wiggins,24,F
225018278,Celeste Hess,31,M
796578881,Jarrod Wilkins,72,F
848163914,Oprah Walters,80,M
488511731,Benedict Shields,75,F
988500060,Iliana Alvarado,75,M
367060872,Meghan Kelley,64,M
926623977,Mason Madden,58,M
864669914,Brynne Watson,36,M
709433087,Jenette Contreras,59,M
447860850,Briar Hunter,68,F
171593892,Josiah Gross,50,F
308795435,Katell Norman,43,M
303194333,Zeph Foreman,54,M
946696437,Halla Mack,62,F
481947010,Cassandra Ferrell,14,F
854521352,Pandora Oneal,55,F
876014731,Todd Roberson,54,M
229581967,Berk Hewitt,52,F
507820306,Russell Johnson,72,F
276785479,Abigail Mcfarland,71,M
904794813,Abbot Sweeney,54,F
725243011,Illana Justice,16,F
272669355,Tashya Shannon,65,F
422630690,Colin Bentley,46,M
224120075,Grady Roberts,73,M
120063874,Hoyt Orr,69,M
223608547,Maxwell Hubbard,54,M
819472039,Lucius Lowery,18,F
281253531,Chava Brooks,77,F
686152797,Francesca Spencer,29,M
390678318,Graiden Pearson,30,M
685008447,Maxine Stokes,27,F
209573213,Noel Bartlett,20,F
273380022,Chiquita Wall,33,F
534187074,Demetria Nixon,50,F
266667086,Calvin Walker,21,M
948823246,Tatyana Nguyen,15,F
634385211,Russell Mays,18,F
999237219,Macon Padilla,54,F
110555661,Hector Valentine,23,F
173945918,Winter Woodward,49,M
126972697,Jocelyn Rodriquez,61,M
291313258,Quemby Steele,16,F
595322508,Cheryl Rasmussen,21,F
711993006,Wing Mclaughlin,15,M
851018110,Ivana Marshall,12,F
925038715,Brady Allison,28,F
109796098,Montana Norris,52,M
322214746,Megan Mosley,20,F
481183484,Lani Townsend,55,M
279037496,Arden Bradley,76,M
390910975,Kennedy Hensley,17,M
295104919,Ayanna David,79,M
702056253,Scott Duncan,39,F
400507292,Stone Stuart,27,F
643004971,Montana Gallegos,24,M
653128089,Wesley Alvarez,44,M
188383297,Adria Houston,28,M
895795826,Graham Ross,35,F
356831259,Burke Anderson,12,F
950592071,Cheyenne Sexton,42,F
581906359,Debra Mcgowan,43,M
589895009,Victoria Clemons,35,M
508598198,Shea Beck,49,F
776204027,Ignatius Howard,73,F
727232844,Vielka Blake,28,F
653478449,Ayanna Talley,56,F
943281664,Lois Payne,39,F
311065878,Odessa Short,45,F
123225752,Winifred Lancaster,36,M
136093706,Kessie Walton,62,M
425130024,Wallace Wells,60,M
748911616,Karen Morton,80,F
798739466,Giacomo Blevins,39,M
302644514,Reed Cline,21,M
851987927,Nola Swanson,71,F
541194790,Irene Becker,23,F
152586192,Jack Combs,67,F
305222642,Sylvia Park,31,F
695364967,Diana Higgins,47,M
456273224,Kaye Warner,35,M
206842417,Forrest Horne,55,M
636677540,Sebastian Guerra,32,F
840715388,Ivor Douglas,17,M
329148471,Norman Ingram,15,M
780195054,Anastasia Maddox,40,M
348067290,Idola Noble,48,M
911826736,Ignatius Larson,71,M
310465983,Malik Randolph,32,M
623458812,Mara Mann,64,M
878720851,Slade Monroe,18,F
203482839,Lee Wyatt,46,M
716496045,Troy Holden,44,F
725106432,Cain Morales,53,M
202325274,Blair Brady,20,F
861498540,Xaviera Mccarthy,24,M
563304642,Quamar Hayden,68,F
288975120,Blaine Howe,34,M
226129787,Anne Boyd,28,F
272647787,Hilda Chen,26,F
664065822,Holmes Rich,44,F
625450791,Ina Hickman,17,M
335933971,Melissa Baird,40,F
716882162,Angelica Patrick,29,M
607667751,Jermaine Solomon,21,F
476608025,Gil Wheeler,32,F
733408708,Ira Owen,58,F
616828155,Daquan Long,73,M
420930613,Austin Jarvis,52,F
853093844,Madeson Bolton,25,F
301570422,Sacha Holden,29,F
618740535,Aaron Rocha,76,F
614496280,Xandra Fitzpatrick,44,M
864796873,Nash Parks,66,F
178767836,Jesse Copeland,17,F
768614042,Quemby Montgomery,42,M
158403625,Kato Buckley,40,F
776758498,Todd Chen,19,M
938640968,Kaseem Morse,78,M
370689480,Lane Charles,40,M
480485069,Dara English,54,F
423622162,Lesley Murphy,25,F
427671583,Jamalia Harrell,72,F
437701194,Brent Parks,19,M
360531440,Robert Delaney,34,M
681268005,Barclay Trujillo,43,M
930430106,Troy Pratt,28,F
452285806,Rachel Cotton,40,F
856571112,Aidan Gutierrez,66,M
856469090,Alec Mullins,67,F
372390562,Laura Gray,45,F
924371567,Nissim Holman,53,M
589607354,Seth Haney,61,F
913922858,Hedwig Velez,41,F
169512223,Blake Miranda,67,M
393575638,Jada Mercado,49,M
685348028,Ann Cherry,51,F
581574274,Sharon Jimenez,31,M
858375225,Sopoline Finley,23,F
744154589,Madeson Guy,68,M
654135570,Sade Lindsay,21,M
260246377,Cally Joyce,53,F
488329188,Gail Norman,39,F
994618692,Alma Hess,21,M
316516517,Samantha Shannon,77,M
155609968,Bert Gould,16,F
420782606,Berk Welch,77,M
185299893,Gail Lewis,27,M
243005773,Wynter Fitzpatrick,78,M
995742635,Katelyn Hanson,78,F
210192415,Coby Douglas,24,F
168113762,Kyle Chase,15,F
215595202,Genevieve Tanner,32,F
563592736,Rae Fleming,15,M
608312509,Lani Kramer,51,F
870207174,Lucius Horn,38,F
519785316,Lewis Pace,55,M
521972146,Byron Robles,50,M
401181467,Whilemina Wolf,26,F
812820471,Evan Coffey,78,F
916114409,Kirk Mcintyre,70,F
211029200,Heather Marquez,19,M
583098037,Ciaran Freeman,29,F
826446057,Hermione Allen,20,F
674573970,Maris Whitaker,42,F
904811949,Lynn Wilkins,72,M
514988278,Holly Jennings,70,M
800095280,Conan Pratt,21,F
842851762,Nicholas Mercado,53,F
548674298,Wing Ramos,13,F
894352476,Reese Hartman,59,F
358854331,Jonah Harper,15,F
484158638,Ruby Anderson,38,M
888643906,Lane Rios,64,F
782947321,Yardley Campos,17,M
244246175,Daria Benton,32,F
959736930,Ivor Wright,52,F
229804981,Mechelle Jimenez,41,F
160134003,Kaitlin Castro,29,F
348510897,Moses Ewing,66,F
449529165,Davis Alexander,22,M
622580373,Price Strickland,44,M
332627155,Jackson Clarke,75,F
544472682,Charissa Huffman,54,F
380313463,Maile Olson,37,F
807915222,Emerald Weiss,23,F
652779461,Uriel Snider,15,F
200205207,Wylie Hayes,61,M
573572183,Idola Barrett,65,F
736275824,Yardley Mann,26,M
630931593,Jasper Woodward,52,F
599307873,Amal Lindsey,15,F
936680065,Karina Adkins,71,F
223557167,Galvin Robinson,73,F
864100543,Reuben Ray,47,F
626509511,Ingrid Sanchez,46,F
208114110,Jonas Perry,66,F
709993232,Porter Hooper,74,F
280948154,Florence Burke,19,M
551369656,Joel Maddox,47,M
379475380,Kamal Shields,66,F
280103294,Calvin Day,33,M
790554996,Noel Downs,45,M
424415697,Walker Mays,47,F
295021563,Dale Mcdaniel,59,M
371357872,Dawn Best,72,M
171564709,Delilah Woodard,69,F
857832349,Rashad Stephens,58,F
724158656,Simone Rosales,71,M
447080074,Shelly Byers,49,M
466267657,Nelle Clarke,54,F
809914782,Rhoda Mckenzie,34,M
464408007,Brian Russell,17,F
174074141,August Foreman,77,F
253685619,Bruno Craig,26,M
132837212,Diana Fleming,32,F
777500044,Talon Copeland,44,M
875556263,Mark Webb,28,M
139447426,Aquila Hamilton,26,F
557477785,Constance Snider,45,M
502277612,Blaze Mcintosh,67,M
504456638,Jesse Hood,29,M
618343015,Lacey Cherry,56,M
341213918,Igor Hunt,72,M
508771008,Jordan Farmer,49,F
569275298,Janna Malone,22,F
518148148,Carol Beasley,77,F
949445988,Martena Cross,39,F
624793037,Robert Brennan,54,M
902712465,Indira Estrada,29,M
826305824,Hammett Brown,49,M
237703692,Orli Andrews,61,F
103573925,Baxter Greer,24,M
187851854,Adena Justice,76,F
302809402,Tanek Hansen,13,F
972272705,Quinn Goodman,30,M
991019128,Elmo Lamb,32,M
752181029,Aquila Powers,12,M
143037444,Sara Peters,12,M
242784486,Rudyard Logan,21,M
634651876,Nora Mays,35,F
902758038,Levi Rich,20,M
580015165,Fredericka Chavez,22,F
985655898,Arthur Small,33,F
604202073,Moses Hess,54,F
673838696,Eagan Campbell,37,F
420663018,Finn Cooke,76,M
355228001,Ryan Hudson,34,F
124613222,Baker Boyle,15,F
170798067,Cole Sherman,31,F
247365452,Carly Williams,29,M
587076756,Vivian Fields,23,M
315863210,Macy Barlow,25,M
437467802,Blythe Sims,14,M
910678791,Sybill Townsend,65,M
615605497,Malachi Summers,33,M
285886711,Unity Golden,44,F
151248847,Sandra Espinoza,61,F
397663023,Lilah Crawford,18,F
491951016,Ivana Jennings,63,M
744227586,Ebony Chandler,68,F
270378556,Ray Shields,41,M
533381608,Dylan Larsen,13,F
858898903,Ashton Mcdaniel,28,M
659235720,Melyssa Mcdonald,77,F
379713888,Griffin Lambert,46,F
666248760,Hector Stark,62,F
698555108,Wallace Hewitt,66,F
328039873,Felix Espinoza,59,M
448009927,Tamara Livingston,56,F
817500772,Dolan Briggs,40,M
100816730,Jameson Rosario,68,F
811170861,Xerxes Ferrell,22,M
548922593,Britanni Hancock,31,F
961995399,Daria Lane,35,M
172178314,Ferris Burris,61,F
917218867,Shad Paul,71,M
506866677,Kato Finch,76,F
416586164,Donovan Hubbard,80,F
697622207,Byron Finley,19,M
360855232,Felix Cox,42,M
318137959,Jillian Riddle,44,F
549398617,Maxine Ballard,27,M
778162953,Mariam Olsen,21,M
829670127,Nell Fernandez,30,F
333489990,Aidan Brennan,20,F
695473148,Wesley Kirk,77,M
497833140,Jolene Ellison,32,F
743880587,Demetria Buck,32,F
464833524,MacKenzie Harris,35,M
649903727,Kimberley Bradley,56,F
119956246,Aladdin Bush,42,M
998107842,Amber Payne,41,M
928575938,Hashim Lucas,70,F
571287987,Heather Meyer,13,F
491286548,Beck Townsend,61,M
742323397,Palmer Delacruz,48,F
222398627,Arden Atkins,17,M
164215676,Catherine Spence,45,M
117549691,Keelie Winters,59,F
102917700,Kirestin Jimenez,17,M
767349816,Nadine Cannon,48,M
287789642,Xantha Sheppard,76,F
807738947,Thaddeus Brock,78,M
496596675,Stacey Moses,73,F
652340348,Francesca Burgess,65,F
631977326,Dominic Collins,71,M
395788051,Ian Conley,18,M
773085219,Alec Calhoun,59,M
463063540,Brynn Faulkner,50,F
528627858,Josephine Santiago,28,M
293656604,Ginger White,24,F
183234611,Carter Pate,55,F
533304885,Avye Slater,49,F
103997335,Donovan Todd,75,F
655652202,Iola Hopper,32,F
634663166,Marah Byers,54,F
401840731,Bevis Garcia,72,M
658413126,Gretchen Campbell,43,M
506365493,Kasimir Mccarty,14,M
742369502,Lamar Osborne,46,M
881256508,Kaye Knowles,23,M
128302786,Harper Santos,53,F
825360800,Nathan Blevins,30,F
857602358,Dolan Singleton,28,M
726839849,Joel Bender,80,M
307559609,Odysseus Schultz,50,F
287516785,Zachary Mcknight,25,F
445382133,Ariel Noble,29,F
284144323,Aimee Bell,17,F
358275604,Kimberley Barry,63,F
381052011,Sybil Day,32,F
637674136,Flynn Baird,20,M
689249224,Brielle Bartlett,44,M
856722421,Erich Humphrey,35,F
658548672,Mufutau Rosa,49,F
374270452,Brian Battle,52,M
233134292,Dakota Herrera,65,F
586970928,Charles Burch,49,M
434894817,Callie Velasquez,30,M
361323796,Alana Becker,65,F
169058459,Elijah Dunlap,19,F
166564585,Porter Foley,63,M
560070580,Clare Hodge,61,M
292285518,Guy Payne,15,M
261050725,Sloane Byers,57,F
173756261,Sade Walker,79,F
312205258,Patrick Ramsey,26,M
373470298,Jessamine Marks,25,M
715303545,Zoe Sanders,32,M
773342273,Dacey Obrien,28,M
502022056,Yael Montoya,61,M
759779387,Amaya Owen,67,F
168169119,Rachel Salinas,14,M
590090541,Casey Rhodes,29,F
882725671,Ayanna Orr,60,F
365839179,Stone Huff,18,M
648086202,Jaquelyn Pearson,76,F
134453529,Iona Edwards,54,F
660386356,Lane Bauer,19,F
686684444,Dorian Watts,29,F
767237560,Kay Medina,44,M
128971378,Octavius Rowland,67,M
435671857,Kameko Wright,34,F
954013792,Mira Downs,47,M
924863291,Lisandra Alexander,22,M
550662268,Matthew Steele,48,F
257671721,Tad Nelson,56,M
437956208,Autumn Brock,56,M
642906026,Clinton Whitfield,25,F
348583579,Jamalia Hines,20,F
701573423,Mark James,41,F
866567468,Hasad Wilson,51,M
203756773,Daphne Warner,70,F
619255882,Lee Cherry,38,M
491676978,Shelley Harding,12,F
702882722,Kelly Hahn,74,F
874079919,Indira Caldwell,75,M
619044294,Declan Blake,29,M
228628196,Fuller Albert,26,F
177448564,Keefe Porter,18,M
348207382,Camilla Elliott,48,M
238352584,Madison Vang,38,M
206880770,Preston Benton,28,M
818847743,Branden Combs,63,F
413966358,Wayne Bright,69,M
605948354,Uriel Prince,55,F
847906400,Keith Bradford,79,F
348844626,Asher Melton,53,F
937542690,Kylan Harding,35,F
979211634,Tara Silva,45,F
967587954,Lydia Reid,24,F
846320168,Farrah Solomon,60,F
875806968,Isaac Mcintyre,32,M
906808849,Xandra Mcgee,47,F
843713234,Jolene Cannon,32,M
341606823,Oren Ellis,60,F
820299441,Wayne Leonard,58,F
427035366,Xander Gentry,61,F
511850928,Leonard Willis,79,F
696113703,Wang Lloyd,18,F
833289239,Taylor Roy,20,M
732453630,Ivor Harris,44,M
170210783,Timothy Blackwell,75,F
437258224,Avram Collier,53,M
661680329,Prescott Abbott,61,M
631931028,Celeste Carey,57,F
864410458,Emily Kennedy,48,M
335801071,Davis Barry,80,M
795560624,Noel Gould,49,M
916156030,Gareth Pitts,17,M
313166830,Amos Rivas,61,F
860369756,Timothy Leblanc,75,F
767396494,Driscoll Bright,25,F
572277726,Samson Vazquez,34,F
743662070,Graham Villarreal,13,M
836766713,Colette Maldonado,30,F
598823656,Wade Booker,71,F
752309779,Iliana Craig,16,F
855657068,Cade Barnett,64,F
581139325,Ina Massey,55,M
637181199,Noel Gilbert,69,F
142860557,Wade Grimes,39,M
229384455,Jackson West,78,M
619014548,Abigail Cote,33,M
854897759,Caesar Valentine,40,M
528867396,Whitney Montgomery,61,M
172065031,September Carter,51,F
814179520,Blossom Cline,60,F
642962541,Melvin Hobbs,50,F
602115295,Kieran Stafford,30,M
469047717,Lucius Cote,62,M
403407988,Carla Fields,40,M
692478079,Drake Norman,62,F
891795253,Dieter Hardin,21,M
740939990,Ezra Summers,49,F
529436026,Phoebe Dudley,25,M
305977070,Preston Joseph,50,M
761180331,Margaret Ramos,72,F
483451834,Jade Henson,43,F
152716760,Tamekah Deleon,13,M
171713516,Fay Banks,53,M
327573895,Jackson Cain,52,M
200933636,Kennedy Baxter,32,F
479856486,Uriel Williamson,36,F
100241829,Jane Riggs,76,M
164585496,Keane Franks,43,F
511069562,Aphrodite Cochran,27,F
723735524,Tamekah Justice,56,M
677121414,Idona Mcgowan,43,F
182776440,Tashya Mayer,48,M
697679823,Hashim Manning,14,F
396102112,Emery Whitley,36,F
354875464,Ryder Merritt,71,F
507652256,Talon Macias,49,F
558649474,Brooke Munoz,66,F
935701826,Deacon Gordon,76,F
623816631,Daria Hatfield,59,M
364488622,Brynn Rose,34,M
516880961,Chandler Ewing,34,F
189703558,Brody Moran,16,F
260208022,Lee Elliott,18,M
960603382,Ethan Swanson,43,F
882043220,Scott Bartlett,48,M
816361412,Herman Mills,12,M
195642424,Zane Green,36,F
471324605,Slade Dodson,33,F
886193338,Quinn Walton,66,M
963199670,Seth Houston,54,M
990271482,Justine Riddle,76,F
639754444,Grace Barr,75,F
417164604,Regan Carter,74,M
704793890,Hedwig Duke,68,F
887054062,Clayton Snider,31,M
668686004,Hop Cobb,57,M
200465186,William Robinson,35,F
802363157,Lilah Mcintyre,50,M
313216291,Bert Nelson,26,M
839337410,Gray Baker,70,M
207515575,Arthur Joyner,66,F
483805803,Keaton Kinney,40,M
535355506,Tate Santos,42,M
904060091,Daria Tyson,49,M
368174106,Alea Grimes,51,F
997273418,Penelope Anthony,77,M
980783850,Germaine Byers,28,F
670023779,Amelia Banks,24,M
403239052,Phyllis Franks,26,F
243131225,Lunea Barron,68,F
978907310,Chastity Acosta,42,F
645956447,Wang Gross,35,M
664370952,Stewart Velasquez,40,F
287446098,Deanna Hebert,57,M
555639896,Mark Head,25,M
822335429,Juliet Small,32,M
322438110,Patrick Grant,20,M
826625467,Zephania Guerrero,49,M
782990688,Rae Farmer,46,F
475065980,Xanthus Waller,49,M
160290120,Courtney Camacho,38,M
190605120,Tara Baker,24,F
867141307,Octavius Valencia,74,F
156876113,Nicholas Buckley,33,F
774393097,Otto Bishop,46,F
600897945,Jordan Trujillo,77,M
429163890,Keaton Dodson,42,F
761503955,Margaret Mullins,31,M
284776769,May Garrett,16,M
906004430,Hayden Melton,26,M
367629757,Aquila Cooley,56,F
803726692,Rhoda Ratliff,64,F
848597301,Germaine Willis,13,M
126839382,Claire Reyes,44,M
158199754,Chiquita Slater,65,M
471330329,Orson Estes,31,M
828470032,Madaline Neal,37,M
412815008,Jerome Jordan,46,F
499846653,Orla Crane,63,F
498213367,Clinton Nunez,66,M
978737674,Blaze Andrews,12,F
137748030,Lester Whitney,44,M
411026278,Herman Burt,39,F
869730155,Blair Haney,54,M
984328910,Ryan Glover,43,M
319066794,Gabriel Atkinson,26,F
663289377,Charles Simon,35,F
871612825,Aladdin Harrington,39,F
827612516,Harrison Gould,15,F
237894318,Lucy Kane,20,M
252092171,Ignacia Nash,76,F
886918867,Samantha Andrews,32,M
352778423,Sybill Spence,54,M
571836003,Raya Chang,52,F
364941227,Neville Cote,49,F
449777220,Yasir Buckner,34,F
682489614,Gretchen Kaufman,67,F
178804353,Graiden Middleton,15,F
727027301,Idola Phelps,55,M
619145777,Elijah Solis,32,M
684595870,Molly Smith,25,F
108181202,Candice Burris,32,F
685146540,Harrison Padilla,80,M
351984222,Castor Romero,51,F
742609359,Simone Garner,46,F
191839259,Sylvester Hudson,52,M
331394169,Driscoll Bruce,29,F
595383727,Lenore Hendrix,26,M
840744158,Daniel Hubbard,79,M
223966148,Risa Olson,59,M
736268072,Sage Henry,15,M
708519284,Evan Whitehead,70,F
684648611,Sopoline Barrera,67,F
833380315,Deanna Aguirre,29,F
917112543,Stephen Chambers,47,M
702664143,Anthony Dyer,34,M
603052293,Donovan Carter,67,F
891033008,Zelda Franks,47,F
904476218,Sarah Nicholson,39,F
294289808,Ralph Vinson,55,M
149955831,Aquila Gray,50,M
350348319,Maxwell Foley,80,F
703153110,Evangeline Gray,12,M
731554308,Alexis Goff,67,M
459060419,Grace Hayes,69,F
644226166,Kibo Nielsen,44,M
458537791,Denise Dixon,59,F
315530108,Herrod Mcfadden,28,F
435905862,Kiona Hopkins,14,F
377983643,Libby Fuller,69,M
772046133,Xantha Santos,27,F
993062412,Mason Galloway,58,M
346795516,Althea Sellers,23,F
960487958,Keiko Sellers,48,M
138944619,Axel Witt,77,M
484051084,Keane Lopez,19,F
472399734,Hedwig Howell,37,F
684279403,Dante Fry,30,M
277682163,Nicholas Cooley,80,F
559037202,Justin Kim,75,F
202219841,Andrew Holder,15,F
533308636,Carter Lancaster,37,M
807698792,Ima Herrera,16,F
718453509,Gareth Austin,28,M
130238770,Micah Farley,14,F
797228436,Richard Allison,38,M
654696210,Jasper Beck,50,M
943613130,Vielka Knapp,41,M
528973264,Slade Monroe,43,F
682569022,Murphy Gregory,51,M
475444878,Octavius Solis,17,F
367846971,Hayes Miles,21,M
366608741,Jennifer Goff,65,F
566594829,Maris Knox,61,M
666974465,Felix Gallagher,70,M
430884266,Daniel Morrison,14,M
204888918,Jenna Ballard,64,M
816359090,Clementine Mendez,51,M
169771995,Shea Douglas,57,M
305200752,Martina Avila,30,F
248607094,Pandora Hernandez,53,M
316436781,Robert Mullins,33,M
324279479,Kristen Gould,68,M
100356671,Hunter Moreno,18,M
581352763,Theodore Moss,23,M
884366635,Molly Young,15,M
221601005,Steven Bray,65,F
478036892,Zena Mayo,55,M
861575529,Brody Lawson,13,M
766268825,Nehru Rodriquez,32,M
887957070,Ruth Hawkins,26,F
307338484,Holmes Welch,30,M
216180022,Addison Rosa,22,F
524770048,Benjamin Williamson,66,F
284524394,Nola Howard,73,M
431455071,Macey Craig,50,M
442375447,Kasper Lawrence,66,F
534491576,Malik Wiggins,62,F
225522819,Yetta Galloway,35,F
275424248,Lars Woodward,62,F
829517854,Gail Kinney,18,F
415344793,Jack Roberts,25,F
707162251,Logan Nash,65,F
863697491,Tara Rios,67,F
311296287,Baxter Mccray,72,M
853007698,Vivian Oneal,70,M
588054535,Wing Hamilton,18,M
707261135,Stacey Foreman,72,M
671202259,Melyssa Rosa,78,M
489847510,Jocelyn Newman,52,M
573398833,Vincent Lancaster,67,M
872246851,McKenzie Adkins,56,F
112129804,Damian Bond,29,M
589601582,Ezra Francis,78,M
491727275,Victor Kelly,28,F
778334254,Flynn Bender,56,F
716846544,Keith Hurley,62,F
861449850,Knox Moran,17,F
375475228,Angela Lynch,62,F
362171806,Chaim Baker,32,M
674001443,Tad Fox,78,M
254862201,David Mclaughlin,12,F
424117583,Zahir Reese,33,M
130227497,Stuart Leonard,52,F
334898492,Herrod Holt,28,F
488218652,Britanney Bryant,43,M
108427126,Cullen Bullock,74,M
291071990,Xantha Britt,12,M
336922169,Vaughan England,38,M
433327631,Claudia Fowler,23,M
105638473,Ciaran Rodriguez,76,M
517083591,Sara Juarez,79,M
428935305,Velma French,77,F
697552050,Amal Mckinney,42,F
449771114,Adam Hunter,73,F
149358382,Whitney Bishop,71,F
963010463,Orson Sloan,42,M
493984785,Hannah Zamora,13,M
905599584,Nora Oneal,68,M
197733477,Phoebe Dunn,27,F
272833167,Avye Gould,13,F
953589915,Cally Pate,19,F
460127423,Sloane Hurley,14,M
627326333,Kameko Mayer,20,M
829707653,Kyra Cline,19,F
288495964,Olga Foley,72,M
188441876,Talon Barber,40,F
652661192,Gwendolyn Strickland,39,F
583070752,Carolyn Hardy,28,F
480123521,Aladdin Lyons,50,F
847618446,Dolan Bryant,48,F
672728711,Wylie Justice,77,F
175462829,Xavier Cantu,48,F
823046190,Miranda Kline,12,F
980177529,Ursula Suarez,42,M
608599945,Chanda Brewer,46,F
776433414,Patrick Willis,14,M
761931004,Keegan Eaton,24,M
665754125,Brielle Shepard,52,F
663601927,Madonna Talley,33,F
592058861,Jin Wyatt,21,F
950543599,Hop Norman,56,M
588003134,Lareina Goff,56,F
273697309,Ocean Barrett,47,M
893455858,Cyrus Suarez,41,M
255893019,Louis Roberts,14,F
222830958,Tanisha Velazquez,42,M
924133642,Aileen Mcbride,49,M
931451957,Gemma Boyer,70,F
358090930,McKenzie Mejia,68,F
947164458,Jack Curtis,55,F
655331322,Isaiah Perez,72,M
669483849,Zachery Duffy,57,M
385183827,Mohammad Zimmerman,38,M
740402094,Maggy Savage,44,F
729000968,Danielle Dale,29,M
193644420,Vladimir Riddle,61,M
244402142,Ginger Cleveland,22,M
103419681,Cara Petty,13,F
691651083,Brittany Sheppard,53,M
644645111,Madison Shaw,31,M
721053609,Logan Santos,24,F
855442910,Maile Best,56,F
176090093,Calista Alvarez,17,M
573327862,Hollee Joyner,43,F
176706960,Prescott Hurst,43,M
877651993,Kaitlin Miller,22,F
243310479,Justina Leon,26,F
109490428,Fuller Duffy,35,F
812033090,Carla Johnston,20,F
727436930,Quamar Richmond,48,M
369013782,Blythe Ingram,42,M
190787525,Indira Lambert,49,F
133229156,Heidi Clay,12,M
954687236,Justine Stephenson,59,F
814675899,Lavinia Curtis,69,F
975113106,Fritz Jarvis,30,F
394465524,Tatum Moody,34,M
109929761,Octavius Bryan,16,F
231665814,Xaviera Hubbard,34,M
411181554,Rebekah Booker,45,F
169151942,Aladdin Compton,38,M
335219002,Buffy Mendoza,43,M
263535413,Kiara Mcdonald,50,M
202162812,Nissim Lowe,78,F
765937709,Cedric Keller,54,M
542251490,Raja Oconnor,39,F
153802971,Lev Hickman,39,M
454502486,Dylan Battle,26,F
896410687,Xerxes Lindsay,53,M
381211284,Cameron Hodge,16,M
171296661,Taylor Thomas,13,F
104840607,Allistair Simon,41,M
717046385,Evan Newton,65,M
690873762,Claire Smith,31,M
725805043,Gregory Hayden,64,M
399412781,Jillian Graham,71,F
146195354,Igor Douglas,38,M
322118500,Ivan Walter,24,F
178001126,Aristotle Ryan,22,F
407029836,Solomon Kirby,42,F
596332729,Roanna Lowe,36,M
782934403,Kalia Turner,22,M
135529144,Daria Woodward,66,M
477948603,Brett Green,27,M
223174589,Marsden Oneil,56,M
570405893,Alika Sullivan,18,F
806397857,Eleanor Wagner,64,M
730714333,Vivian Bean,74,F
128338944,Carter Cook,66,F
551672573,Clinton Bowers,80,F
936792595,Axel Cantu,12,F
468051478,Wang Wade,75,M
614945459,Madeson Haynes,39,M
661674147,Lucas Montoya,78,F
411795974,Myra Allison,30,F
587096930,Griffith Bush,20,M
672421168,Declan Burch,70,F
272567722,Xandra Blankenship,30,M
998618495,Shad Galloway,41,F
907188744,Hiram Holt,29,M
443542086,Macon Castillo,64,M
248464999,Mia Beasley,78,M
259971148,Matthew Collins,67,M
600537002,Karina Moon,69,F
530894323,Althea Lowe,34,F
307009390,Thor Beasley,67,F
124504156,Dalton Wilcox,14,M
941476293,Byron Wilkerson,29,M
529415539,Jameson Hill,47,F
300554272,Yen Montgomery,58,M
424998460,Clare Vega,56,F
992929473,Odette Berry,37,F
403393063,Christian Meadows,46,F
967283556,Keaton Maddox,39,M
195851703,Orlando Duncan,77,F
758173748,Myra Leon,30,F
779638722,Patricia Ellison,57,F
701120318,Jason Mack,31,M
779495776,Colby Stevens,38,F
225756915,Fatima Wilcox,55,F
353148923,Lane Peterson,79,M
673064903,Elmo Coffey,44,M
188535946,Wesley Thomas,36,F
932018157,Rahim Morrow,31,M
942734582,Rowan Hendricks,28,M
624979883,Orli Howard,77,M
534690315,Penelope Webb,42,M
604897813,Knox Durham,57,M
977425975,Hammett Rogers,58,M
652759090,Allen Wolfe,72,M
303111498,Jaquelyn Hunt,28,M
757071916,Cain Solomon,49,F
297777130,Jermaine Conley,33,M
883941017,Holmes Weaver,77,F
236830270,Cheryl Juarez,29,M
729407693,Zenia Thomas,47,M
875411527,Jasmine Weber,59,M
167388274,Audrey Santana,53,F
715849645,Jeremy Steele,47,M
186200401,Wylie Crawford,72,M
765106332,Zenia Hays,80,F
374950944,Fritz House,37,M
121072725,Zahir Green,25,F
520855803,Lilah Pope,73,F
329860214,Rhona Hancock,62,M
670466967,Nigel Vargas,40,F
509068250,Carly Ramos,77,M
182857647,Martha Vincent,53,M
362029560,Indira Delaney,70,M
444147695,Farrah Juarez,28,M
422087153,Morgan Merrill,33,F
678063956,Keefe Prince,45,M
470795212,Basil Clayton,55,F
690095035,Gareth Hardy,17,M
934625642,Harper Camacho,27,F
692758462,Bradley Stanton,37,F
629919888,Cade Webb,15,M
592869881,Josephine Stokes,25,M
746078876,Uta Crawford,63,F
772653953,Tashya Cardenas,40,F
706192844,Wylie Payne,16,F
343447373,Raphael Vazquez,78,M
777262519,Sybil Odonnell,52,M
233492244,Rooney Hooper,54,M
290870018,Daphne Sanford,53,F
617504540,Courtney Quinn,67,M
580203798,Olga Burton,62,F
894496633,Elmo Haynes,32,M
590557433,Eaton Cummings,25,M
490696680,Zeph Turner,48,F
788952233,Kane Giles,26,M
428276115,Ariana Chambers,18,F
624939666,Alexander Elliott,34,F
581696508,Akeem Walker,32,F
815842689,Peter Dale,36,M
867408463,Jessamine Thornton,28,F
690441200,Zia Hendricks,47,M
474781362,Mariko Adams,60,M
145581346,Lester Johnston,65,F
770892691,Chaney Miles,15,F
270594437,Dawn Stanton,25,F
868697100,Lawrence Huber,62,M
430223701,Ariel Coleman,20,F
692682794,Melyssa French,12,F
635090252,Coby Compton,71,F
114695672,Latifah Hickman,45,F
530235926,Colleen Knowles,51,F
260915749,Erich Mcdonald,30,F
339564110,Mona Mullen,70,F
472913690,Aurelia Craft,44,M
105047718,Hayden Robertson,41,F
715774454,Germane Hendricks,44,F
697372783,Devin Whitney,23,M
500002277,Tucker Kirby,75,F
437572169,Chancellor Gillespie,58,F
225219451,Jamal White,34,F
369097594,Keane Lara,78,M
920283515,Lillith Blankenship,52,M
272778608,Colette Whitfield,20,M
552938481,Herman Myers,48,F
864295567,Carlos Delaney,28,M
387563527,Yasir Chapman,59,F
925333781,Jaquelyn Pennington,22,F
911004898,Claire Gibbs,29,F
524498620,Willa Armstrong,46,M
425825033,Gary Mcmillan,54,M
896605134,Davis Oliver,41,M
939674011,Oliver Logan,32,M
776852939,Asher Hanson,16,F
621527471,Libby Mckay,50,M
803480639,Stone Wong,41,M
634534023,Astra Key,65,M
587494853,Ina Ruiz,50,M
564749382,Felix Franks,16,M
637281455,Sydney Camacho,61,M
807763763,Dante Santiago,78,F
197932497,Gregory William,52,F
580370751,Karina Farrell,70,F
562093137,Kelly Hutchinson,68,F
962693205,Raymond Duran,67,F
490504219,Dorian Chandler,23,F
915144182,Byron Estrada,12,F
153932555,Cade Wallace,50,F
445646684,Cameron Alston,72,M
469662699,Leonard Castaneda,61,F
199768380,Mechelle Nixon,30,M
303323904,Nathaniel Mcconnell,68,M
164573973,Tanya Norris,29,F
692405090,Ursula Moreno,40,F
160909129,Priscilla Robertson,28,M
889448798,Noah Christensen,13,F
491574500,Hope Green,29,F
901706296,Zeus Wade,38,F
851678252,Stacey Cameron,18,M
359812341,Yoshi Dominguez,23,M
956730209,Jemima Washington,37,F
848356280,Erasmus Lynch,72,M
850393134,Barry Cook,77,F
527278057,Hilel Wall,49,M
510951078,Carly Christian,35,F
743677970,Upton Conrad,13,M
888728147,Aline Morales,51,F
936699550,Lucian Farrell,56,M
878183096,Charles Rivers,39,M
449099690,Chase Dunn,72,M
826007215,Phelan Gould,55,M
451342502,Demetria Burnett,54,M
824968174,Aimee Bernard,16,M
398696519,Walker White,26,M
165803475,Lois Barnes,24,M
257493526,Regina May,66,F
178168696,Daria Callahan,75,M
905485991,Eliana Bradley,35,F
165281337,Cooper Jensen,47,M
525227262,Brittany Charles,38,M
225346805,Chadwick Ferrell,78,F
848418859,Darrel Mays,25,F
289475685,Adena Bullock,22,M
117455168,Benedict Browning,12,M
947881870,Eaton Bond,34,F
661383116,Kameko Hodges,69,F
890939479,Zachary Rutledge,58,M
255453031,Taylor Dodson,33,M
453388224,MacKensie Nieves,75,M
693997288,Marah Kemp,64,M
662842369,Ishmael Levine,54,F
807456758,Ahmed Mckenzie,53,M
260549047,Mikayla Leblanc,42,F
561191330,Ashely Lester,52,F
669164137,Gwendolyn Reynolds,64,F
443063531,Ignacia Conway,79,F
503281255,Armando Ryan,31,M
841336374,Lucy Sargent,69,F
526897579,Brenden Mcdonald,20,M
863515448,Quinlan Mcdowell,32,F
706259488,Fletcher Lowe,50,F
985767563,Adrienne Lindsey,24,F
403498583,Brody Barr,69,F
729302539,Jermaine Vaughn,78,F
762438614,Moana Burton,12,F
217238068,Quinlan Park,45,M
709281270,Carol Lara,31,F
298337267,Cheyenne Farmer,24,F
942681309,Neve Larson,21,M
545553844,Raja Jefferson,69,F
312654874,Aubrey Chan,66,M
282724201,Molly Rocha,77,F
169818675,Kimberly Deleon,23,F
389848018,Fay Payne,33,F
567592125,Bruce Faulkner,45,M
280074285,September Bray,49,M
636770871,Vaughan Britt,62,M
245005391,Fritz Shepherd,59,M
396189831,Yael Moses,45,F
864591448,Ethan Barry,52,F
453891204,Kasimir Sanford,41,F
831551989,Alana Arnold,68,F
711607522,Brett Short,40,M
328486963,Deborah Frye,48,F
383174310,Samantha Clarke,39,F
786690116,Slade Flores,69,F
289445049,Magee Munoz,20,F
907777966,Phillip Underwood,58,M
667285746,Colton Farrell,80,F
457921456,Colette Sandoval,28,F
770889557,Ira Morgan,65,F
827874776,Armando Lester,54,M
833768929,Hashim Travis,50,M
698218317,Sybill Cortez,15,F
761706613,Hashim Spencer,28,M
669793939,Maya Hooper,42,M
433084922,Allistair Lucas,59,F
594352474,Ruby Dale,61,F
877338951,Abraham Guthrie,44,M
589377137,Fritz Knox,43,F
858869497,Timon Mercer,16,F
987273479,Kelly Watts,12,M
708009392,Leigh Mcdowell,75,M
285869489,Dustin Sargent,57,M
959429897,Castor Holder,20,M
825697326,Connor Kramer,17,F
211251769,Thor Berry,60,F
591888780,Stephen Bartlett,55,F
330529587,Caldwell Craig,27,F
484955422,Noelle Collins,68,F
116387492,Hunter Bush,42,M
848397339,Arden Hess,63,F
251901546,Wynter Roth,19,F
550196854,Nevada Callahan,55,F
260810788,Gil Suarez,47,M
675515126,Kirestin Mcmahon,73,M
528562025,Ashton Trevino,70,F
258067269,Jana Vincent,24,M
367223119,Taylor Sanchez,30,M
596171093,Gisela Michael,62,M
289603667,Tanya Hunter,20,F
628832198,Lawrence Huff,30,F
144564846,Eagan Case,54,M
880058831,Wendy Kirby,33,M
608451399,Xanthus Stanley,19,F
367218633,Whoopi Charles,57,M
302192440,Kristen Bright,60,F
640617686,Helen Orr,75,M
108529910,Cyrus Nicholson,56,M
240313709,Gregory Williams,64,F
576676125,Melinda Patel,64,M
190140654,MacKensie Hancock,34,F
359008305,Althea Sellers,13,M
355293599,Ishmael Ryan,17,F
405417871,Aidan Walter,36,M
754372066,Elijah Avery,27,M
661644203,Cairo Solis,73,M
453291987,Uta Carroll,38,M
342104055,Elton Carney,68,F
280037107,Joshua Mccarthy,34,F
224247706,David West,54,F
114515005,Emma Saunders,40,M
504473975,Mohammad Hatfield,55,F
280368864,Amelia Durham,68,M
415431228,Rogan Oneil,56,F
372080900,Athena Osborn,38,F
814534970,Martha Wilkerson,20,F
710817653,Wynter Brooks,33,M
157572438,Illiana Hampton,61,F
296844644,Keelie Becker,28,F
845363418,Julian Griffin,14,M
261543307,Naida Reynolds,18,F
625540720,Dorothy Little,48,F
578684334,Shad Casey,27,F
327640923,Leila Clark,48,M
901080393,Ann Moreno,70,M
655256774,Nadine Skinner,74,F
278102909,Emerald Perez,14,F
397859988,Gareth Barber,67,F
145706799,Giselle Peters,55,M
442121101,Ursa Foley,27,M
169348512,Barclay Howe,17,F
981919847,Cleo Moses,53,F
145398828,Ariana Wiggins,51,M
594072794,Skyler Wright,18,M
533530720,Ralph David,17,M
149750788,Cathleen Obrien,62,F
612121612,Sloane Parsons,32,M
796519491,Leroy Nielsen,74,M
520277740,Kamal Mcconnell,22,M
850305715,Naida Horne,68,M
755875273,Orli Navarro,40,F
773051254,Kimberley Morales,55,M
224977386,Clare Gross,42,M
601167997,Inga Burch,76,M
188908514,Charles Vaughan,41,M
978180339,Sean Fitzpatrick,25,F
989280924,Dylan Leon,70,F
420873063,Steven Gaines,15,M
602386597,Grady Baxter,70,F
716489207,Vincent Love,26,F
122010888,Ali Mcneil,75,F
945283609,Vielka Cantu,51,F
134803426,Angelica Gould,28,F
881836995,Arthur Kinney,74,M
322014109,Kaitlin Sutton,43,F
610870123,Hayley Franks,63,M
247505165,Hector Ramos,79,M
941810784,Shannon Brooks,59,M
443542366,Keegan Singleton,19,F
325434181,Karyn Carr,37,M
319750297,Dane Mills,49,F
155156930,Clementine Hicks,69,F
236763220,Stewart Walton,25,M
166490319,Camden Tillman,67,M
422255884,Ryan Horton,52,M
879360753,Ivor Diaz,20,M
705249336,Ainsley Sharpe,22,F
853748201,Anastasia Glover,40,F
536947273,Nash Herring,77,M
150344072,Hyacinth Finley,53,M
359094115,Anastasia Rosario,51,F
909465448,Marsden Pennington,43,M
760405293,Quinlan Mcpherson,65,M
777778228,Kyla Sherman,26,M
904755481,Myles Buckley,61,M
918951326,Lila Mcintosh,66,F
390014802,Dorian Kirk,32,F
872985448,Len Sweeney,74,M
125848692,Hyacinth Barton,78,M
218863229,Suki Underwood,51,F
223807121,Kimberley Ferrell,73,F
383994483,Stacey Lester,23,F
803465268,Philip Meyer,54,F
959047673,Ima Glover,27,M
783149024,Kaseem Lara,76,M
113761639,Aspen Spence,14,M
533127246,Callie Conway,18,F
123049397,Jael Rollins,18,M
792926627,Xander Madden,17,F
798067116,Zorita Melton,56,F
353656281,Barclay Barnett,15,F
744432885,Ruby Weber,57,F
583402568,Evan Pennington,17,M
507811600,Colby Barnett,65,F
684068627,Logan Pope,26,F
224338497,Sheila Kidd,28,M
884846407,Ainsley Wooten,14,F
124006926,Wynne Sanders,66,F
431015510,Nehru House,60,F
600081587,Galena Montgomery,75,M
997564655,Kamal Donaldson,54,F
624224625,Theodore Herman,76,F
131672587,Tanisha Robinson,43,F
819453227,Finn Vargas,22,M
787214542,Lesley Mcknight,55,F
184733711,Ginger May,30,M
151006697,Brent Kerr,44,F
803632626,Alvin Hodges,57,F
669487447,Carl Cooke,66,M
472683004,Herman Holloway,76,F
900922870,Shaeleigh Day,79,F
642239339,Elaine Blackwell,17,F
309544759,Darrel Lucas,44,F
961319153,Erica Small,77,M
242813609,Sandra Shepherd,59,M
127227799,Barrett Crane,30,F
232395656,Haviva Glenn,45,F
993107690,Bruno Oconnor,62,M
291107910,Ulric Brady,66,M
640085653,Dorian Koch,75,M
963557190,Palmer Drake,27,F
761479343,Whoopi Wynn,61,F
967952144,Larissa Goodwin,42,M
610867860,Gregory Fowler,65,F
566633272,Igor Page,77,M
840103034,Nigel Beck,24,F
638046983,Ella Strong,46,M
626136124,Logan Ruiz,63,M
147416153,Maite Mack,23,F
798805198,Honorato Sellers,52,F
803856641,Caldwell Santiago,61,F
730187498,Carol Payne,55,M
923420270,Nichole Sharp,61,F
304554936,Maite Hardin,27,M
318439336,Zephania Mejia,59,M
519050364,Plato Nixon,13,M
294844786,Violet Mcconnell,49,M
163439848,Maxine Norman,39,M
348394118,Jessica Kirk,63,M
827540826,Tanisha Mcmahon,61,F
436787701,Preston James,18,F
572560505,Aristotle Saunders,73,F
270437749,Quynn Perkins,69,F
351689030,Fiona Wiggins,61,F
268971761,Sydney Key,77,F
624190406,Venus Flynn,18,M
890174659,Genevieve Klein,78,M
338106043,Aristotle Deleon,44,F
169539805,Jelani Preston,18,M
677897666,Sylvester Boyer,28,F
755743894,Keefe Washington,69,F
562129087,Connor Beasley,42,F
672644136,Veronica Holland,24,M
229862459,Katelyn Fernandez,41,M
780178742,Colton Michael,37,F
378246525,Nash Houston,47,F
755877762,Ashton Grimes,51,F
746664768,Kermit Riddle,73,F
766378241,Walter Bass,51,M
960661456,Malcolm Andrews,64,M
672104822,Celeste Barnes,46,F
281134196,Leigh Mason,55,M
751353399,Kitra Branch,34,F
667030042,Adara Huffman,22,M
706699191,Charde Castro,79,F
473245605,Maggy Riddle,45,F
595223295,Dalton Williamson,53,F
719153396,Hadley Parrish,57,M
504099290,Jescie Rowland,51,F
235689248,Ahmed Yates,30,F
792254568,Alma Carpenter,18,F
112976320,Xenos Hayden,67,F
640744370,Nayda Mueller,27,M
872755692,Nora Mckay,65,M
856166282,Fay Jackson,76,F
192396078,Ahmed Huber,17,M
932133218,Rigel Vega,62,M
256540906,Jonas Phillips,38,F
535829860,Barbara Payne,68,M
198389326,Sarah Lynch,41,M
404178936,Erin Castro,12,M
642421876,Bo Wooten,52,M
388246755,Shaine Wilkins,61,M
366912421,Merrill Joyner,22,F
958554287,Ashton Moody,55,M
763068235,Elton Reyes,64,F
801434952,Jescie Snider,17,M
537695732,David Lynn,73,M
229578926,Kyle Heath,47,M
225254507,Lane Marquez,30,F
313203486,Charles Vazquez,51,F
430944038,Brody Hodge,75,F
932238457,Christen Tanner,27,F
325785795,Jillian Cervantes,21,M
787971573,Dai Hobbs,79,M
946084185,Brady Ewing,55,M
815451532,Phyllis Dodson,13,M
801977312,Zahir Mccarty,46,F
593178046,Gwendolyn Richmond,64,M
731151448,Jamalia Cote,30,F
541413194,Fuller Hahn,48,M
582436039,Zorita Preston,69,F
536467568,Flavia Todd,12,F
179319269,Jolene Cantrell,33,F
314738428,Cade Edwards,51,M
236141935,Adara Hall,21,M
717599939,Kuame Ramsey,26,M
914279410,Angela Macias,60,M
332905587,Eagan Terry,55,M
732182020,Kiara Mason,38,M
604762807,Mia Pugh,31,F
983110356,Jamalia Mcfadden,59,F
501921663,Penelope Acevedo,72,M
873762502,Stacey Mccall,34,F
419481666,Winter Mullins,42,M
469995349,Russell Franklin,52,M
898683454,Clinton Chan,15,F
418507823,Fletcher Coleman,65,F
162964480,Martena Valentine,44,F
934658659,Fritz Duncan,74,M
226000935,Ocean Lewis,72,M
222302255,Garrison Irwin,74,M
758007348,Wyoming Maynard,22,M
117918834,Cullen Rhodes,41,M
471320441,Christen Mcclure,51,M
652009183,Ezra Cooley,73,M
675358924,Charde Levine,38,M
618657510,Driscoll Delacruz,34,M
321814049,Martha Nicholson,60,F
349498858,Forrest Ingram,75,M
913851100,Colin Vargas,72,M
518058749,Zia Eaton,67,M
471011243,Desiree Boyer,31,M
292716804,Stuart Cooley,67,M
734508959,Stacy Smith,74,F
936231883,Noelani Ellis,37,M
422391257,Violet Ewing,39,F
429392639,Kibo Hopkins,33,M
393260872,Cora Wolf,72,F
425643963,Molly Moses,28,F
616637809,Ashely Calhoun,48,F
542428334,Nathan Walls,77,M
425985463,Merrill Rivas,39,F
660494683,Lamar French,65,F
126833722,Randall Bernard,24,M
325234406,Lucius Rodriquez,34,F
764954472,Jena Solis,62,M
372506040,Russell Bass,60,M
110359525,Karen Mckay,52,F
629578707,Illana Lee,52,F
523685966,Steven Taylor,47,M
746570049,Tanek Sellers,36,M
112643872,Imelda Dale,54,F
769240966,Ann Castaneda,75,M
693653872,Briar Collins,58,M
443033837,David Whitaker,70,M
415073226,Jade Delgado,48,F
145420472,Alvin Fletcher,32,F
434478488,Hedwig Velasquez,36,F
791446614,Slade Price,53,M
303163393,Cade Schmidt,23,M
228058748,Florence Guerrero,27,F
816054891,Rooney Galloway,67,F
233579587,Blythe Valentine,55,F
497426914,Dominic Perkins,76,M
280060615,Nathan Mejia,24,F
415974172,Doris Osborn,52,F
457583657,Alexis Delaney,37,F
696237069,Hilel Mitchell,33,F
413531080,Zenaida Leblanc,48,M
892801714,Abigail Salinas,58,M
777990307,Sylvia Estrada,60,M
865186842,Castor Day,50,F
796031803,Keefe Robertson,52,F
858093081,Carter Herring,33,M
902054371,Cheryl Atkins,76,M
942673366,Dylan Morgan,15,F
395947775,Cairo Nichols,21,M
244783475,Yen Combs,22,M
176777757,Karly Pratt,52,F
478215195,Peter Stanton,37,M
348068316,Bethany Ball,80,M
608070974,Nigel Nieves,16,M
103743476,Jelani Kemp,28,M
468270570,Carl Mcbride,52,F
535203186,Driscoll Mercado,12,F
480074857,Germane Woods,48,M
586715017,Illana Ruiz,34,M
868858878,Kitra Greer,53,M
531268407,Dahlia Christensen,52,M
391377407,Magee Woods,54,F
346522273,Amaya Heath,45,F
424285110,Amy Hood,19,F
262391024,Unity Hutchinson,36,M
423373839,Hop Cameron,44,M
480024426,Bevis Dunn,60,F
845492892,Rosalyn Adkins,49,F
753361933,Dane Glass,21,M
761871597,Rinah Henry,48,F
476248450,Kirby Kidd,20,M
312986068,Paki Freeman,16,F
400114393,Francesca Alston,51,F
310871787,Ethan Olsen,63,F
902018259,Harper Newman,58,M
761352615,Maggie Zamora,16,F
488394790,Kaitlin Dillon,67,F
315101914,Rachel Head,28,F
527473171,Silas Sanchez,74,F
810681709,Gretchen Clements,71,M
370333941,Zephania Rollins,14,F
369550703,Sydnee Tyson,65,F
115309994,Laith Gallagher,72,M
256948681,Clinton Hewitt,74,F
518692059,Cherokee Decker,35,F
217849084,Brianna Figueroa,65,F
650779231,Jerome Mays,30,F
784308840,Michael Hayes,59,M
467221455,Signe Savage,17,M
237617565,George Townsend,60,F
354141488,Griffith Owen,52,F
246197405,Abel Baird,70,M
752100440,Nissim Gould,49,M
139503573,Bernard Rivera,51,F
900058267,Basil Mcneil,60,M
674571807,Cora Day,12,F
687749361,Geraldine Guzman,31,F
725665398,Gil Long,57,F
374867481,Myra Bailey,23,M
776564244,Aurora Shields,57,M
101869474,Anne Berger,27,F
137206461,Ferdinand Hayes,30,F
698471176,Angela Decker,12,F
953382859,Karen Hopkins,54,F
590303150,Amal Burt,26,F
410199318,Daniel Sutton,28,M
507359557,Hamish Mercer,72,M
560680990,Mollie Short,76,M
939672890,Iliana Whitehead,69,F
145815685,Aimee Dodson,68,M
488370498,Jeanette Stephens,77,F
258942126,Barrett Cook,62,M
726826479,Theodore Andrews,12,M
555306553,Macaulay Garrett,66,M
277248598,David Coleman,70,M
949663835,Kendall Flowers,74,F
107307737,Kyra Duke,18,F
198565172,Maggy Keith,12,F
644317549,Caldwell Palmer,52,M
232967771,Hyatt Conway,69,F
656231655,Joel Hill,65,M
311183564,Palmer Ortega,54,M
386009582,Alisa Bond,65,F
565852867,Burton Green,21,F
428296454,Dorothy Sweeney,25,F
485887883,Meredith Peck,78,F
658522006,May Bowers,46,M
579658071,Janna Chen,42,F
386719001,Tad Fitzgerald,39,F
309545409,Jessamine Martinez,40,F
554250635,Charles Moss,80,F
755090133,Shay Haney,50,M
356396210,Demetrius Cantrell,49,F
895158759,Reuben Soto,68,M
857360789,Wade Mcintyre,72,F
942684642,Dexter Hubbard,67,F
831585101,Xavier Matthews,57,M
909483009,Sybill Chang,17,M
627755249,Dorothy Pierce,33,M
197016194,Cassandra Pacheco,78,M
472697525,Giselle Lambert,19,F
154510219,Alice Pennington,53,F
890766353,Uta Johns,63,M
727990021,Donovan Mcdowell,33,F
927489228,Rigel Zimmerman,15,F
730168174,Gray Ellis,16,F
404295334,Ishmael Day,14,F
419608441,Kameko Rocha,27,M
858634529,Kerry Ingram,71,M
471650089,Joelle Gallagher,27,F
933427381,Kelly Rosario,67,M
407030736,Cairo Mercado,76,F
844623537,Chaim Talley,15,F
955194097,Liberty Sherman,34,M
849943659,Buckminster Manning,64,M
987945781,Arsenio Tran,42,F
788707757,Moses Skinner,26,M
363212741,Wilma Skinner,19,F
581719151,Aimee Snow,13,M
725257856,Gloria Christensen,14,M
936853999,Bree Golden,20,F
302551728,Allen Gallegos,13,F
342685273,Julian Combs,12,M
637517223,Heidi Arnold,79,F
418467845,Brock Vazquez,25,M
421666821,Murphy Love,69,M
471465209,Cody Murphy,16,M
190919981,Leroy Tucker,56,F
876875592,Louis Mendoza,25,F
684186327,Mollie Dunlap,49,M
208724501,Sonia Reeves,49,F
974571902,Dillon Ray,15,F
736207021,Summer Oconnor,60,M
848079704,Chava Olsen,76,M
961565551,Melodie Jacobs,32,F
559738833,Madison Romero,65,F
222645520,Leroy Mason,73,F
238059790,Julian Stein,34,M
557430715,Eve Duncan,16,M
205177681,Tiger Parrish,13,M
336706041,Gray Kline,76,M
972249908,Wynter Lucas,71,M
471521182,Belle Barker,56,F
268118939,Briar Horne,58,M
534389591,Meredith Spencer,16,F
678395877,Iona Horton,73,M
351488684,Natalie Kim,26,F
681433512,Abel Richard,60,F
497869324,Wilma Petty,69,M
176453691,Hayes Chambers,46,M
253827708,Wylie Burton,17,F
911203704,Vaughan French,20,M
932588852,Ora Pacheco,27,F
275490597,Alexandra Bauer,36,M
851298651,Thaddeus Mosley,35,F
877195404,Coby Neal,14,F
226006417,Rudyard Sanford,35,F
982914319,Allistair Gutierrez,34,M
575514097,Xyla Quinn,12,M
128600727,Zachary Ruiz,46,F
533914348,Ori Cannon,36,F
254801495,Cedric Erickson,75,M
665427829,Kenyon Chambers,28,M
963280071,Rashad Head,55,F
380016511,Adrian Walsh,36,M
812104221,Reece Compton,69,M
937417980,Miranda Moody,51,F
711380688,Piper Potter,79,M
462561182,Colt Clements,72,M
259869107,Alan Melton,59,F
607746149,Bruno Sanchez,43,M
211049381,Derek Reeves,15,F
336890654,Dominique Johns,55,M
694356797,Genevieve Reese,42,F
491414833,Sasha Cameron,53,F
893165363,Jerome Miller,28,F
619302125,Jonas Weeks,32,M
639030425,Avye Hodge,36,F
643700460,Hyacinth Carter,60,F
678567060,Hollee Mcfadden,66,M
301167986,Kitra Barber,53,F
699303907,Donovan Richards,43,M
460369234,Galvin Bowers,16,M
335664160,Zachery Richard,55,M
893790632,Skyler Sheppard,12,F
802017694,Willa Irwin,58,M
672260170,Keaton Pratt,71,M
563615086,Beatrice Hart,17,M
535953620,Kenyon Carson,46,M
453036881,Ima Alford,47,F
759403231,Destiny Cole,71,M
958520488,Levi Castillo,57,M
677912821,Cole Hart,60,F
856879432,Erich Mcleod,61,M
632793198,Uriel Macdonald,79,F
871510544,Ashely Douglas,59,M
484255030,Bell Kirkland,14,F
561509141,Tana Lancaster,57,M
920158556,Eden Marquez,80,M
202652923,Magee Hinton,68,F
786114570,Aubrey Fox,69,M
614535144,Forrest Hayes,67,F
703774738,Jacob Duran,75,F
342833486,Keegan Wolf,56,M
621764341,Freya Ingram,57,M
433884967,Alfreda Waller,37,M
412396376,Reuben Graves,22,M
822143259,Scott Horn,77,M
457631231,Phillip Stephenson,13,F
813748644,Leah Newton,39,F
195281996,Tanek Knowles,74,F
466311607,Bryar Mcintyre,80,M
966399201,Mara Compton,50,M
689670362,Quon Nicholson,71,F
285505113,Solomon Berger,50,F
424918806,Lara Gonzales,12,F
404480450,Alyssa Mclaughlin,44,F
813878475,Aphrodite Church,52,M
108851757,Zahir Snider,54,M
451253407,Justine Hopkins,30,M
498933701,Libby Murphy,40,F
505221443,Dalton Washington,35,M
944426574,Lamar Castro,20,M
774978125,Galena Noel,50,F
473947279,Evan Carson,54,F
969959042,Kathleen Christensen,27,M
585927160,Ingrid Mckinney,32,M
785337016,Alea Garrett,20,M
221328182,Colton Mcbride,38,F
419066922,Travis Church,68,F
136699382,Axel Talley,78,M
575226271,Anthony Montgomery,72,F
779247965,Katelyn West,31,M
342732249,Lunea Noble,45,F
624382704,Madonna Monroe,32,M
256835416,Germaine Crosby,64,M
658648578,Jackson Morrison,23,M
496321474,Macy Mccoy,78,F
791755591,Bianca Garrison,54,F
851916394,Ocean Eaton,33,F
342982180,Lysandra Welch,80,F
394060456,Lane Cotton,58,F
962788627,Hayden Kidd,18,M
840445894,Vielka Ingram,40,F
832914662,Keefe Rios,23,M
845208376,Andrew Lowe,12,M
851437215,Brenna Evans,32,F
535499935,Xena Bean,68,M
884666975,Madonna Peters,28,M
201168882,Orlando Hampton,16,M
270166707,Jermaine Wong,45,F
990254722,Liberty Haney,18,M
500322997,Jenette Benson,67,M
487277293,Mara Vaughn,80,M
669375512,Serena Dodson,27,F
298945604,Leigh Hodges,58,M
341420952,Ciara Kent,18,F
947623691,Delilah Black,53,M
282039722,Dean Blackwell,40,M
528846085,Gage Woods,24,M
963120460,Kaseem Solomon,55,F
656882345,Camilla Benton,67,F
795646066,Micah Sexton,14,M
162771919,Sade Rosa,56,F
324019669,Noel Barnett,38,M
676194267,Nevada Mcdonald,48,M
871614790,Clare Shaffer,73,M
186051898,Illana Abbott,60,F
101267789,Idola Cherry,55,M
150996697,Melanie Herrera,74,M
857749893,Eve Lamb,58,M
859753856,Cadman Warren,22,F
364600796,Acton Little,17,F
847851599,Leroy Matthews,19,F
983329311,Galvin Scott,43,F
637614300,Raymond Guy,44,M
559810161,Lucy Pittman,70,F
269546123,Bryar Wilder,12,M
995197045,Demetria Haynes,38,F
701519141,Fritz Wagner,69,M
239756170,Yoshi Wade,71,F
239689815,Aurelia Petty,50,M
999286014,Roary Roberson,35,M
125840409,Dominic Randall,62,F
193961381,Amaya Crane,24,F
593029386,Evan Cooper,77,M
588026673,Faith Salinas,66,F
128099057,Hoyt Curtis,44,M
265285712,Morgan Stein,60,M
639448902,Hiram Lindsey,54,M
633671586,Channing Burks,77,M
710713018,Xaviera Hartman,23,F
933851967,Ethan Lara,62,M
112055354,Wynter Wells,36,F
278181934,Alyssa Stark,64,F
825875372,Gil Matthews,47,M
608060037,Germaine Ruiz,74,F
345947478,Hillary Waters,28,F
946886842,Amery Cooke,51,M
870413189,Olga Bray,24,F
914386243,Alan Wilkinson,42,F
669958741,Quentin King,34,F
469436819,Joseph Jefferson,62,F
415542760,Evelyn Flores,77,F
708188103,Drake Haynes,36,M
453198854,Fitzgerald Burnett,52,M
918504042,Kadeem Golden,76,F
633714332,Kamal Hooper,57,M
748828669,Constance Burnett,75,F
383043653,Aidan Bright,29,M
781693628,Lance Herman,43,F
949699896,Perry Mays,28,M
376470220,Perry Guzman,79,F
166446878,Alexa Holder,50,M
960806123,Galvin Edwards,20,M
576693639,Clarke Hayes,69,M
663658121,Chase Castillo,51,M
953005613,Veda Mcdaniel,35,M
146745083,Raja Saunders,70,F
597136694,Whoopi French,61,F
834176100,Sean Delaney,25,M
368722813,Reece Simpson,77,F
169861876,Joshua Jennings,51,F
757646909,Jared Wade,18,M
225215264,Porter Hyde,13,M
886308747,Colorado Hodge,25,M
833774703,Venus Munoz,64,F
967024132,Courtney Sampson,50,M
569764382,Timon Alston,68,M
243574932,Deanna Maddox,69,F
141558775,Anthony Cooley,77,M
600639088,Leslie Chan,39,M
400329353,Justin Duncan,34,F
334021374,Dahlia Avery,45,M
102577164,Travis Dorsey,57,F
562189255,Tatum Monroe,66,F
438364626,Daquan Ewing,16,M
755272750,Wanda Meadows,53,F
922352337,Gillian Sharpe,77,M
212528577,Naomi Davis,65,M
740401176,Damian Schroeder,37,M
255467840,Tatiana Rodgers,65,F
167578843,Fuller Dorsey,45,M
934808781,Bianca Bridges,38,F
361168135,Dai Sanford,29,F
425483564,Christian Parks,72,M
656963113,Paul Palmer,73,M
115538042,Reece Briggs,21,M
394068559,Charles Lucas,63,F
827113674,Leila Raymond,41,F
492543163,Dante Welch,19,M
735531973,Neve Cortez,63,F
353559112,Evangeline Oneal,14,F
783106752,Alfonso Bowman,70,F
521041473,Stewart Heath,66,M
850124463,Callie Hardin,74,M
727868913,Brian Flowers,70,M
760954100,Piper Evans,40,M
314961319,Ferris Schneider,27,F
287003964,Yoko Chan,59,M
944646888,Shaeleigh Garza,56,M
394372090,James Rowland,43,F
372402228,Jerry Valencia,63,F
499740027,Timothy Mcgowan,74,F
663811458,Holmes Warner,68,F
281175781,Sara English,37,F
119853267,Camilla Barlow,71,F
338960188,Ryan Terry,15,M
708940167,Len Rice,30,M
291415930,Colt Gray,30,F
165589478,Anthony Stout,51,M
590504989,Jackson Dejesus,66,M
312139808,Brooke Fields,64,F
720764862,Jolene Camacho,49,F
685001871,Brock Travis,77,M
335802398,Russell Robbins,40,F
168095667,Bradley Fulton,69,M
741113765,Barclay Estrada,80,F
938756529,Kyle Castillo,69,M
564248360,Karina Ryan,53,F
309899640,Ira Dean,14,M
510833754,Graham Kidd,45,M
694165010,Kieran Berry,58,M
322870385,Candice Kent,64,M
295750123,Hamilton Young,57,F
699085917,Melissa Rosales,29,F
596832279,Jeremy Vargas,54,M
240632363,William Hunt,31,M
329578094,Joseph Carney,42,M
222756212,Melvin Lamb,29,F
752080298,Jaime Parrish,55,M
643197316,Skyler Frye,47,M
863384684,Maya Davis,30,F
653133657,Kylan Avila,63,M
936507464,Gay Maldonado,54,M
658355184,Rhona Mullen,59,F
573020234,Mira Dunlap,39,F
462382504,Jacob Cote,41,F
842438321,Britanni Hubbard,72,M
847110777,Connor Camacho,63,M
837664932,Jessamine Graham,48,F
723629545,Griffin Glass,13,M
612315800,Hedley Robles,15,F
115611268,Myles Morse,34,F
854234364,Montana Jarvis,31,F
937036827,Noah Maxwell,79,F
408753455,Gretchen Burnett,18,M
343967288,Isaiah Maldonado,63,F
553968632,Kimberly Rhodes,65,F
206008510,Dorian Shaffer,59,M
165584320,Candice Vance,18,M
212867323,Rosalyn Bartlett,29,F
322978953,Julian Snider,40,F
366362729,Kamal Mcguire,47,F
711628156,Lacota Luna,62,F
644804864,Carter David,13,M
624324679,Zane Vargas,62,F
972372279,Haviva Page,56,M
663660225,Eric Battle,19,M
419577058,Sade Barton,49,F
557796710,Cora Mccray,61,M
457604346,Aristotle Koch,76,F
250870061,Jason Burt,41,M
871920341,Inez Mann,65,F
378972381,Nadine Zamora,56,F
962690775,Uriel White,55,M
405896644,Logan Cantrell,59,F
201216605,Chastity Calderon,60,F
359798407,Libby Dale,69,M
301173439,Kelly Anderson,24,F
243737183,Xerxes Booker,15,F
393584768,Yeo Boyer,19,F
649159021,Uma Giles,44,M
342825058,Curran Walters,42,M
886524806,Lacey Robbins,79,M
722331284,Imani Mcfarland,63,F
394256500,Joelle Terry,37,M
503745970,Glenna Calderon,15,F
685951806,Martin Kent,41,F
521703799,Mark Fischer,35,F
358508760,Lawrence Park,79,M
155637420,Oprah Bryan,27,M
334557956,Amelia Hall,73,F
428598184,Patience Mayer,18,F
821288252,Shellie Gill,52,M
821969204,Nasim Mccormick,14,F
224047113,Basia Nolan,43,M
783817643,Sasha Mays,25,F
320772468,Zahir Leonard,70,M
131790280,Brennan Lopez,33,M
516921166,Felicia Douglas,47,F
986174007,Kylee Barrera,43,M
730721185,David Shaw,25,M
934456520,Theodore Duke,22,M
312674360,Brendan Martin,29,M
781498771,Hanna Page,35,M
526377651,Ifeoma Reeves,19,M
842885582,Kirk Calderon,43,F
874252772,Jakeem Burch,67,M
220131590,Gannon Copeland,34,F
254543544,Rooney Bradley,27,F
942539167,Keefe Rasmussen,51,F
139281104,Harding Spence,59,M
749004103,Dane Slater,16,F
791405780,Jared Koch,22,M
684205821,Aidan Mann,21,F
384788370,Hoyt Moses,46,M
106904992,Minerva Burgess,54,F
692258617,Brady Chavez,12,M
209984165,Wyoming Perkins,29,M
500642373,Reece Barton,70,F
569768698,Nigel Wall,44,M
165082235,Clayton Watson,42,M
982359570,Suki Jennings,54,M
893699502,Nehru Vance,21,M
944365913,Keely Beck,55,M
102388596,Grace Conner,33,M
230585249,Lani Howe,34,M
249469613,Herrod Estrada,23,M
606528136,Kim Page,53,M
559458667,Jolene Roy,38,F
896393591,Len Park,28,M
437158950,Kylan Hardy,34,M
964673950,Talon Gregory,68,F
455753954,Ivor Carter,28,M
115959256,Diana Tyler,46,M
783153702,Sylvester Berry,64,M
888991399,Sonia Knight,29,F
690167742,Allegra Parker,37,M
240232909,Austin Mcintyre,25,M
359639405,Leonard Hooper,65,M
790739257,Uriel Waller,60,F
351778223,Robert Hamilton,25,M
761261713,Blaze Aguirre,17,F
471461421,Mara Dillon,73,F
410965627,Blake Harvey,23,F
454154351,Rooney Dennis,16,M
355791098,Cecilia Little,53,M
374248144,Myles Carroll,59,M
209589906,Kiona Le,68,F
824314452,Anthony England,37,M
381946982,Clio Knight,58,F
494158279,Grady Rollins,71,M
910902698,Zachary Berry,39,F
534386169,Hammett Mcgee,56,M
794215410,Dai Mills,64,M
527731543,Arsenio Blair,45,M
172836719,Lacy Blackburn,48,M
204678929,Hiroko Atkinson,70,M
518074959,Karleigh Hines,72,F
560292467,Thomas Allen,57,F
268131752,Clark Sutton,61,F
904852589,Sarah Rosario,55,F
275004339,Vivian Booker,61,F
915784216,Vivien Schmidt,53,F
188762655,Preston Carver,38,F
123988842,Troy Hickman,31,M
662451794,Martha Petty,68,M
315847131,Bianca Richards,29,F
594517198,Claudia Dunn,13,F
288840398,Tanek Crane,34,F
204032851,Kathleen Schroeder,36,F
973512036,Kiara Lindsey,19,F
271636293,Deacon Wyatt,30,F
696071068,Judah Lester,74,F
944278551,Burke Padilla,47,M
703782010,Serena Walsh,30,F
749785603,Zephania Lowe,30,F
217893238,Rahim Kane,50,F
786942365,Ronan Armstrong,77,F
384609943,Amanda Morrow,71,F
951735008,Zena Sharpe,21,F
804462990,Kathleen Curtis,29,F
463111197,Blake Lara,73,F
475371000,Otto Harrell,55,F
700736479,Dominic Gillespie,35,M
487352587,Brynne Robinson,70,F
675854699,Bree Douglas,14,F
921309878,Bree Levy,30,F
320327995,Sara Stewart,75,M
516429377,Nathaniel Little,64,M
277224973,Cade Campos,24,M
635740987,Whitney Perez,73,M
563763223,Brett Reeves,34,M
753252092,Sylvester Campbell,58,M
545335342,Ginger Vincent,14,M
996555137,Rashad Stevens,59,M
877596141,Amy William,68,F
653964705,Aaron Downs,36,M
548587833,Haley Albert,67,F
583672822,Caldwell Bradshaw,12,M
914269576,Marshall Dominguez,70,F
736001124,Rose Alford,57,F
409788384,Theodore Shaffer,77,M
838533178,Orlando Ferguson,21,F
960057528,Bree Morin,48,M
449785673,Eve Alford,71,F
434766709,Cynthia Gordon,67,M
866968786,Isaiah Swanson,49,M
510445075,Brendan Sexton,63,M
730976379,Harper Miles,50,M
127421630,Joy Nash,62,M
277542693,Reagan Forbes,57,M
303938970,Ebony Pennington,77,M
976982952,Kadeem Thornton,54,F
528917417,Steel Tran,16,F
864955311,Barclay Pierce,16,M
375290990,Baxter Mcmillan,75,F
428953306,Lawrence Gordon,41,F
527175326,Ronan Owens,47,F
393429050,Ralph Harding,23,M
535790615,Deirdre Pacheco,48,F
511532285,Coby Maldonado,62,F
674524125,Oliver Haney,50,M
367548273,Colt Holcomb,21,M
812441200,Rudyard Walter,41,F
482666176,Chadwick Walsh,27,M
483963980,Keelie Wiggins,71,M
630708058,Cleo Medina,77,F
693244331,Chava Beck,18,F
987157874,Macon Guthrie,74,M
419887922,Orla Rose,33,F
304810921,Thaddeus Park,51,F
632057877,Zenaida Fleming,67,F
130312336,Taylor Pacheco,72,M
627743445,Kelsey Allen,27,F
280040181,Samuel Medina,54,M
505367531,Hoyt Brady,56,F
717011258,Merrill Riddle,70,M
160189243,Lev Glass,32,F
405732267,Raymond Blake,74,M
770336649,Debra Atkinson,20,M
548415844,Nora Harmon,70,F
682274482,Shad Miranda,66,M
283852910,Jin Morris,51,M
946370941,Brennan Roman,42,F
323541597,Janna Pollard,76,M
666569357,Lawrence Nicholson,44,F
443260656,Clare Adkins,24,M
730490719,Veronica Nixon,22,F
158162973,Edan Vang,45,M
241834266,Taylor Hartman,13,M
832414441,Eden Atkinson,16,F
840021144,Madeline Noel,43,F
767835911,Aquila Maynard,12,F
148350105,Ezekiel Puckett,28,F
575689355,Byron Simmons,28,F
842148016,Elaine Austin,15,M
874775633,Wynne Dillard,80,M
448265314,Ronan Doyle,12,M
112027661,Michelle Duran,19,M
845867856,Tasha Kelley,51,M
291588682,Chandler Riggs,22,M
534549170,Amethyst Fernandez,41,F
400248760,Mari Duke,69,F
959050265,Yvonne Wooten,38,F
742075518,Malik Floyd,72,F
717177407,Roth Donaldson,27,M
242414252,Vincent Solomon,13,F
138151990,Hilel Hutchinson,27,F
618299490,Caesar Cameron,78,M
659846704,Wallace Dennis,20,F
283101412,Germaine Charles,80,M
366936480,Zenia Mckee,35,F
128320700,Geoffrey Munoz,68,M
443903705,Victor Burke,76,F
667155229,Hunter Mayo,28,M
551617212,Jesse Austin,50,M
763678811,Cailin Parks,75,M
872864654,India Parker,12,F
508607582,Octavia Head,73,M
471485856,Yetta Fisher,26,M
852243781,Tarik Vang,68,M
940933532,Denise Farley,72,F
996229720,Justin Mendez,74,M
741767147,Holly Porter,76,M
629053211,Jesse Diaz,26,F
503218585,Sade Wagner,72,M
149412081,Caesar Fowler,42,M
212856548,Mufutau Mccall,19,F
626465601,Gavin Richardson,47,F
599103009,Deborah Rodgers,38,M
925009465,Stephanie Colon,67,F
390266551,Nehru Christensen,69,F
924299582,Ian Lowery,31,M
823789190,Natalie Curry,76,F
441332831,Teegan Lane,29,F
255436899,Bruno Grimes,69,M
320326783,Nash Woodward,43,F
424699021,Basil Booker,28,M
108416222,Orlando York,74,M
413759902,Brady Tanner,50,F
972504001,Ciaran Pierce,47,M
293675801,Sonya Becker,45,M
368772745,Rebecca Lindsey,14,F
522481095,Palmer Dunn,53,M
470899212,Freya Carney,47,F
470602543,Hayes Richard,18,M
754208599,Curran Montoya,66,F
395466573,Darius Holcomb,64,M
485799295,Mollie Guthrie,29,F
310879277,Quail Kidd,80,F
548241408,Sonya Donaldson,25,F
840310062,Alexandra Levy,76,F
779718581,Sybill Barlow,74,M
935160902,Len Baker,55,F
473265858,Lawrence Gallegos,41,F
393119641,Minerva Stout,24,M
223815836,Logan Warren,54,M
151738634,Brody Herrera,18,M
999106468,Xyla Ramirez,24,F
255401369,Thane Bender,77,F
435819735,Jonah Kramer,32,F
574017388,Skyler Whitney,15,M
635864805,Tanya Rich,33,F
418505259,India Hill,46,M
317410844,Gisela Key,14,F
619513747,Brady Garcia,63,M
133608138,Ocean Gilliam,37,M
249513085,Aspen Arnold,59,F
266814921,Selma Gomez,65,F
727959032,Chava Peck,35,F
350880716,Baxter Hull,59,F
404483447,Alana Page,71,F
429367067,Howard Hess,16,F
485267282,Kato Morton,12,F
425579922,Graiden James,63,F
181304734,Wang Hanson,50,F
407591207,George Coleman,22,F
761743435,Grace Garrison,14,M
333774943,Jordan Casey,34,F
427928191,Stuart Nichols,19,M
353687410,Xandra Roberson,76,M
401242428,Stephanie Martinez,34,F
277029469,Salvador Figueroa,25,M
845081543,Marny Chandler,42,F
574293582,Luke Landry,17,F
635552402,Declan Wright,70,M
614496552,Ishmael Giles,80,F
519889032,Nathaniel Stein,63,F
249593003,Aspen Mcintosh,37,F
766882480,Upton Petty,41,M
426576032,TaShya Leach,27,F
850566696,Wyoming Simmons,62,F
482083421,Candace Fowler,45,F
959225240,Elijah Levy,15,M
743920768,Amanda Diaz,29,F
479050138,Hasad Webb,62,M
650219464,Brendan Owens,16,F
751553730,Xanthus May,63,M
550660901,Xander Kelley,41,M
774947295,Callie Battle,40,M
343633317,Linus Pope,37,F
257987222,Damian Hardy,64,M
723356623,Mark Fry,37,F
867219793,Wang Stanley,29,F
383842857,Brynn Castro,22,F
217580422,Chaney Livingston,33,F
806908848,Maisie Hill,22,M
116988697,Cain Hart,32,F
947769567,Gary Dillard,13,F
676557803,Galena Randall,71,M
926169226,Caleb Patrick,56,M
668074547,Martin Benton,13,M
879805445,Camilla Sellers,36,F
770192529,Anika Best,45,F
369282023,Sasha Parker,28,F
379583517,Tate Newton,26,M
310048736,Quinlan Landry,46,F
418817778,Phillip Castaneda,45,F
653189004,Sonia Woods,55,M
559304926,Nathan Anderson,44,F
975622539,Palmer Higgins,18,F
993451320,Willow Cherry,69,F
272305262,Travis Woodward,45,M
899584338,Cain Payne,45,M
618448011,Penelope Merrill,14,F
718383216,Coby Jefferson,42,F
873647124,Matthew Garner,53,F
693687939,Bree Strickland,76,F
575607234,Rahim Clarke,37,M
762551480,Zane Bryant,38,M
621093283,Chester Koch,15,F
366472762,Alisa Bartlett,34,F
163419385,Lois Hernandez,46,F
766105159,Kennan Rivas,58,M
531407272,Allistair Owen,49,M
308915171,Vincent Dawson,61,F
825515291,Steel Harrell,61,M
609964654,Robert Mccray,47,F
138853368,Zorita Guerrero,25,M
239102663,Chester Norris,58,F
747982692,Lisandra Finley,52,M
230589058,Flynn Grant,31,M
844987846,Christine Rose,60,M
876464901,Iola Rosa,64,M
629893517,Vielka Greer,49,F
231388901,Rigel Glass,24,F
495540250,Edan Zamora,27,M
300407046,Irene Ross,76,F
847352840,Baxter Colon,73,M
629269408,Alma Blair,15,F
116617001,Asher Gaines,13,M
654364616,Eaton Mack,32,M
388834792,Ulric Kane,22,M
221143611,Rana Lang,23,M
332547023,Shea Kelley,61,F
723282645,Cody Bean,14,M
386371538,Dexter Wilkerson,46,M
160100191,Leigh Copeland,59,M
465766312,Steven Jordan,32,F
541434719,Barclay Myers,59,M
713126101,Darrel Bradford,69,F
303259409,Isabelle Wilder,52,F
658588918,Regan Gutierrez,78,M
102056809,Martha Shields,69,M
376860933,Garrett Estes,75,M
739190686,Fulton Mullins,79,F
958918255,Kevin Hayes,13,F
756350967,Darius Barnes,26,M
379513552,Lani Bartlett,66,F
735595174,Ivan Young,20,F
858102958,Xerxes Robles,36,F
737544192,Deacon Preston,65,F
200758827,Ignatius Odom,40,M
943902380,Quail Carroll,74,M
564893966,Darryl Ortiz,18,F
899641939,Xandra Shepherd,15,F
734252492,Shannon Delaney,46,F
405064467,Grant Mckinney,23,M
158117708,Kane Foreman,16,F
857870983,Rigel Calhoun,74,M
653886068,Howard Kirkland,59,F
705501575,Ila Davidson,73,F
366591253,Pearl Merritt,12,F
144630725,Kermit Roy,23,M
862006907,Rina Stewart,68,M
836756477,Steel Cook,78,M
780330278,Jolene Anthony,18,M
712691305,Noel Alexander,24,M
158209710,Quon Briggs,44,F
840247608,Jonas Mcmahon,50,M
350541559,Eleanor Wise,30,F
846041337,Jolie Mosley,45,M
398640280,Wilma Stokes,21,F
582534491,Clark Henderson,38,M
324818683,Keelie Webster,36,F
342259299,Noelani Vega,20,F
986472896,Inga Flowers,13,M
777969721,Kay Alexander,28,M
164365644,Keelie Frye,34,F
160300598,Lawrence Spencer,57,F
464444890,Plato Carrillo,32,M
838244646,Eaton Rodriguez,23,F
619563447,Heather Savage,48,F
976039108,Janna Haney,38,F
487902459,Nathan Frazier,52,F
902695026,Charles Whitney,39,F
270883471,Jorden Parker,73,M
139416474,Yuli Thornton,80,F
974417402,Rooney Parsons,61,F
537285290,Noel Mcleod,37,F
788123167,Paloma Frank,64,M
502294384,Wade Kirby,32,F
762666776,Callum Vincent,49,F
122979653,Ramona Rodriquez,72,F
448383459,Alika Kline,54,M
713339008,Jasmine Carroll,69,F
590822320,Edward Gates,41,F
502808542,Ariana Silva,12,F
137419859,Germaine Tanner,27,M
729696845,Wyatt Mcfadden,69,F
225871050,Christian Oliver,77,F
535250638,Brynn Villarreal,61,M
988314393,Tiger Mcclure,56,F
703315396,Kimberley Holden,42,M
261644125,Charles Santiago,63,F
280478453,Tarik Mccray,33,F
425398061,Quentin Clarke,39,M
376806509,Porter Hutchinson,33,F
981487299,Rhea Moon,69,F
415358718,Hilel Downs,55,F
871226962,Willa Wooten,40,F
511140367,Slade Whitfield,16,M
693127344,Chandler Pittman,80,M
401244857,Jada Lynch,38,F
415270101,Thomas Todd,71,F
784048189,Talon Guthrie,58,M
830411154,Xandra Wallace,63,M
813421771,Sarah Wilcox,49,M
703143639,Gareth Bauer,71,F
884033930,Sylvester Lynn,37,M
479201701,Elijah Clements,16,M
719155604,Owen Baxter,54,M
253945656,Gary Caldwell,30,M
602771545,Ori Mason,79,F
957997947,Lyle Schneider,22,F
905728100,Aaron Haney,29,M
541000955,Nina Webb,80,F
611860604,Maxwell Barr,49,F
116548016,Daquan Rasmussen,39,F
187037055,Claudia Stafford,28,M
432851870,Sloane Dale,54,M
227071220,Brett Watts,36,M
510723593,Kermit Horne,58,M
870008997,Josiah White,70,M
177215914,Tashya Weiss,21,F
827471381,Ali Cortez,18,M
995855479,Myles Hester,37,F
341185790,Ebony Ball,34,F
938667783,Xaviera Zimmerman,78,F
380803019,Tyrone Norton,71,F
142538022,Connor Roberts,39,M
654977182,Vaughan Luna,75,F
838370396,Edan Hess,58,F
224377439,Kadeem Barrera,26,F
715763169,Ria Michael,45,M
594613997,Aaron Wiggins,60,F
654296679,Hedley Rosario,30,F
152663671,Britanni Rich,12,F
183465831,Sonya Franco,62,F
327105544,Thaddeus Taylor,80,F
427503836,Yoshi Mack,28,F
860635351,Lucy Hutchinson,73,F
810312201,Maisie Prince,42,F
508251608,Chandler Alexander,13,F
492647622,Linus Guthrie,24,F
826769616,McKenzie Allen,69,F
681700872,Dahlia Garcia,59,F
532060630,Ava Price,76,M
493148258,Leonard Page,47,M
843676807,Brenna Osborne,47,F
544528712,Byron Alvarado,64,M
930074437,Dean Olsen,70,F
160198933,Amela Ford,26,M
272004291,Kevyn Gilbert,67,F
675029383,Portia Welch,44,F
602378073,Hayes Booker,77,F
360645227,Faith Terrell,53,F
612072510,Bo Williams,76,F
107075734,Jonas Manning,42,M
678310857,Slade Bullock,57,F
873032167,Arden Burris,24,M
681100896,Belle Stout,59,F
272687624,Abigail Gibson,77,M
673231544,Graham Hess,47,M
125907191,Gretchen Hahn,63,F
197562342,Gareth Horn,62,F
173319917,Dale Case,80,F
762297905,Acton Clemons,67,F
922968145,Dahlia Jennings,58,M
432727517,Carla Walton,25,F
908540183,Xyla Wyatt,37,F
941582687,Cameron Rogers,73,F
982900324,Yael Richards,76,M
321574182,Brent Larson,29,M
745729957,Branden Sykes,46,F
336787944,Buffy Sims,39,M
540470148,Giselle Johnson,66,M
176285003,Lareina Bradshaw,17,F
847618081,Adrienne Wagner,33,F
960034353,Darrel Richmond,21,F
939729169,Keelie Fleming,53,M
341793539,Darius Nieves,27,F
638664265,Lyle Park,58,M
564282738,Xavier Harrison,46,M
390061320,Maite Chen,77,F
617540390,Shelly Bray,52,M
743515540,Colette Bruce,68,M
881073516,Kasimir Pratt,18,F
506041739,Reed Moreno,31,F
443381439,Ariel Chang,42,F
220746945,Aretha Warren,24,M
423614601,Beverly Walsh,36,M
648995028,Teegan Lee,39,M
591093992,Nissim Leblanc,69,F
392439588,Kato Rice,22,M
579583303,Tucker Phillips,27,M
321621495,Katelyn Garza,68,F
126887393,Patricia Byers,56,F
631857657,Jin Cantrell,17,F
669329880,Mannix Salinas,79,F